Error Sentence,Error Type,Corrected Sentence
அவள் பாடல்கள் பாடுகிறான்.,Subject-Verb Agreement,அவள் பாடல்கள் பாடுகிறாள்.
நாங்கள் நேரம் பழகுகிறேன்.,Subject-Verb Agreement,நாங்கள் நேரம் பழகுகிறோம்.
அவன் புத்தகத்தை படிக்கிறார்கள்.,Subject-Verb Agreement,அவன் புத்தகத்தை படிக்கிறான்.
அவர்கள் விளையாட்டு விளையாடுகிறேன்.,Subject-Verb Agreement,அவர்கள் விளையாட்டு விளையாடுகிறார்கள்.
நான் வீட்டில் வேலை செய்கிறார்கள்.,Subject-Verb Agreement,நான் வீட்டில் வேலை செய்கிறேன்.
அவன் பேசுகிறேன்.,Subject-Verb Agreement,அவன் பேசுகிறான்.
நாங்கள் உணவு சாப்பிடுகிறான்.,Subject-Verb Agreement,நாங்கள் உணவு சாப்பிடுகிறோம்.
அவள் கதை சொல்லுகிறார்கள்.,Subject-Verb Agreement,அவள் கதை சொல்லுகிறாள்.
அவர்கள் நீச்சலடிக்கிறேன்.,Subject-Verb Agreement,அவர்கள் நீச்சலடிக்கிறார்கள்.
நான் பாடல்களை படிக்கிறார்கள்.,Subject-Verb Agreement,நான் பாடல்களை படிக்கிறேன்.
அவள் பாடல்கள் பாடுகிறான்.,Subject-Verb Agreement,அவள் பாடல்கள் பாடுகிறாள்.
நாங்கள் நேரம் பழகுகிறேன்.,Subject-Verb Agreement,நாங்கள் நேரம் பழகுகிறோம்.
அவன் புத்தகத்தை படிக்கிறார்கள்.,Subject-Verb Agreement,அவன் புத்தகத்தை படிக்கிறான்.
அவர்கள் விளையாட்டு விளையாடுகிறேன்.,Subject-Verb Agreement,அவர்கள் விளையாட்டு விளையாடுகிறார்கள்.
நான் வீட்டில் வேலை செய்கிறார்கள்.,Subject-Verb Agreement,நான் வீட்டில் வேலை செய்கிறேன்.
அவன் பேசுகிறேன்.,Subject-Verb Agreement,அவன் பேசுகிறான்.
நாங்கள் உணவு சாப்பிடுகிறான்.,Subject-Verb Agreement,நாங்கள் உணவு சாப்பிடுகிறோம்.
அவள் கதை சொல்லுகிறார்கள்.,Subject-Verb Agreement,அவள் கதை சொல்லுகிறாள்.
அவர்கள் நீச்சலடிக்கிறேன்.,Subject-Verb Agreement,அவர்கள் நீச்சலடிக்கிறார்கள்.
நான் பாடல்களை படிக்கிறார்கள்.,Subject-Verb Agreement,நான் பாடல்களை படிக்கிறேன்.
அவள் பாடல்கள் பாடுகிறான்.,Subject-Verb Agreement,அவள் பாடல்கள் பாடுகிறாள்.
நாங்கள் நேரம் பழகுகிறேன்.,Subject-Verb Agreement,நாங்கள் நேரம் பழகுகிறோம்.
அவன் புத்தகத்தை படிக்கிறார்கள்.,Subject-Verb Agreement,அவன் புத்தகத்தை படிக்கிறான்.
அவர்கள் விளையாட்டு விளையாடுகிறேன்.,Subject-Verb Agreement,அவர்கள் விளையாட்டு விளையாடுகிறார்கள்.
நான் வீட்டில் வேலை செய்கிறார்கள்.,Subject-Verb Agreement,நான் வீட்டில் வேலை செய்கிறேன்.
அவன் பேசுகிறேன்.,Subject-Verb Agreement,அவன் பேசுகிறான்.
நாங்கள் உணவு சாப்பிடுகிறான்.,Subject-Verb Agreement,நாங்கள் உணவு சாப்பிடுகிறோம்.
அவள் கதை சொல்லுகிறார்கள்.,Subject-Verb Agreement,அவள் கதை சொல்லுகிறாள்.
அவர்கள் நீச்சலடிக்கிறேன்.,Subject-Verb Agreement,அவர்கள் நீச்சலடிக்கிறார்கள்.
நான் பாடல்களை படிக்கிறார்கள்.,Subject-Verb Agreement,நான் பாடல்களை படிக்கிறேன்.
அவள் பாடல்கள் பாடுகிறான்.,Subject-Verb Agreement,அவள் பாடல்கள் பாடுகிறாள்.
நாங்கள் நேரம் பழகுகிறேன்.,Subject-Verb Agreement,நாங்கள் நேரம் பழகுகிறோம்.
அவன் புத்தகத்தை படிக்கிறார்கள்.,Subject-Verb Agreement,அவன் புத்தகத்தை படிக்கிறான்.
அவர்கள் விளையாட்டு விளையாடுகிறேன்.,Subject-Verb Agreement,அவர்கள் விளையாட்டு விளையாடுகிறார்கள்.
நான் வீட்டில் வேலை செய்கிறார்கள்.,Subject-Verb Agreement,நான் வீட்டில் வேலை செய்கிறேன்.
அவன் பேசுகிறேன்.,Subject-Verb Agreement,அவன் பேசுகிறான்.
நாங்கள் உணவு சாப்பிடுகிறான்.,Subject-Verb Agreement,நாங்கள் உணவு சாப்பிடுகிறோம்.
அவள் கதை சொல்லுகிறார்கள்.,Subject-Verb Agreement,அவள் கதை சொல்லுகிறாள்.
அவர்கள் நீச்சலடிக்கிறேன்.,Subject-Verb Agreement,அவர்கள் நீச்சலடிக்கிறார்கள்.
நான் பாடல்களை படிக்கிறார்கள்.,Subject-Verb Agreement,நான் பாடல்களை படிக்கிறேன்.
அவள் பாடல்கள் பாடுகிறான்.,Subject-Verb Agreement,அவள் பாடல்கள் பாடுகிறாள்.
நாங்கள் நேரம் பழகுகிறேன்.,Subject-Verb Agreement,நாங்கள் நேரம் பழகுகிறோம்.
அவன் புத்தகத்தை படிக்கிறார்கள்.,Subject-Verb Agreement,அவன் புத்தகத்தை படிக்கிறான்.
அவர்கள் விளையாட்டு விளையாடுகிறேன்.,Subject-Verb Agreement,அவர்கள் விளையாட்டு விளையாடுகிறார்கள்.
நான் வீட்டில் வேலை செய்கிறார்கள்.,Subject-Verb Agreement,நான் வீட்டில் வேலை செய்கிறேன்.
அவன் பேசுகிறேன்.,Subject-Verb Agreement,அவன் பேசுகிறான்.
நாங்கள் உணவு சாப்பிடுகிறான்.,Subject-Verb Agreement,நாங்கள் உணவு சாப்பிடுகிறோம்.
அவள் கதை சொல்லுகிறார்கள்.,Subject-Verb Agreement,அவள் கதை சொல்லுகிறாள்.
அவர்கள் நீச்சலடிக்கிறேன்.,Subject-Verb Agreement,அவர்கள் நீச்சலடிக்கிறார்கள்.
நான் பாடல்களை படிக்கிறார்கள்.,Subject-Verb Agreement,நான் பாடல்களை படிக்கிறேன்.
அவள் பாடல்கள் பாடுகிறான்.,Subject-Verb Agreement,அவள் பாடல்கள் பாடுகிறாள்.
நாங்கள் நேரம் பழகுகிறேன்.,Subject-Verb Agreement,நாங்கள் நேரம் பழகுகிறோம்.
அவன் புத்தகத்தை படிக்கிறார்கள்.,Subject-Verb Agreement,அவன் புத்தகத்தை படிக்கிறான்.
அவர்கள் விளையாட்டு விளையாடுகிறேன்.,Subject-Verb Agreement,அவர்கள் விளையாட்டு விளையாடுகிறார்கள்.
நான் வீட்டில் வேலை செய்கிறார்கள்.,Subject-Verb Agreement,நான் வீட்டில் வேலை செய்கிறேன்.
அவன் பேசுகிறேன்.,Subject-Verb Agreement,அவன் பேசுகிறான்.
நாங்கள் உணவு சாப்பிடுகிறான்.,Subject-Verb Agreement,நாங்கள் உணவு சாப்பிடுகிறோம்.
அவள் கதை சொல்லுகிறார்கள்.,Subject-Verb Agreement,அவள் கதை சொல்லுகிறாள்.
அவர்கள் நீச்சலடிக்கிறேன்.,Subject-Verb Agreement,அவர்கள் நீச்சலடிக்கிறார்கள்.
நான் பாடல்களை படிக்கிறார்கள்.,Subject-Verb Agreement,நான் பாடல்களை படிக்கிறேன்.
அவள் பாடல்கள் பாடுகிறான்.,Subject-Verb Agreement,அவள் பாடல்கள் பாடுகிறாள்.
நாங்கள் நேரம் பழகுகிறேன்.,Subject-Verb Agreement,நாங்கள் நேரம் பழகுகிறோம்.
அவன் புத்தகத்தை படிக்கிறார்கள்.,Subject-Verb Agreement,அவன் புத்தகத்தை படிக்கிறான்.
அவர்கள் விளையாட்டு விளையாடுகிறேன்.,Subject-Verb Agreement,அவர்கள் விளையாட்டு விளையாடுகிறார்கள்.
நான் வீட்டில் வேலை செய்கிறார்கள்.,Subject-Verb Agreement,நான் வீட்டில் வேலை செய்கிறேன்.
அவன் பேசுகிறேன்.,Subject-Verb Agreement,அவன் பேசுகிறான்.
நாங்கள் உணவு சாப்பிடுகிறான்.,Subject-Verb Agreement,நாங்கள் உணவு சாப்பிடுகிறோம்.
அவள் கதை சொல்லுகிறார்கள்.,Subject-Verb Agreement,அவள் கதை சொல்லுகிறாள்.
அவர்கள் நீச்சலடிக்கிறேன்.,Subject-Verb Agreement,அவர்கள் நீச்சலடிக்கிறார்கள்.
நான் பாடல்களை படிக்கிறார்கள்.,Subject-Verb Agreement,நான் பாடல்களை படிக்கிறேன்.
அவள் பாடல்கள் பாடுகிறான்.,Subject-Verb Agreement,அவள் பாடல்கள் பாடுகிறாள்.
நாங்கள் நேரம் பழகுகிறேன்.,Subject-Verb Agreement,நாங்கள் நேரம் பழகுகிறோம்.
அவன் புத்தகத்தை படிக்கிறார்கள்.,Subject-Verb Agreement,அவன் புத்தகத்தை படிக்கிறான்.
அவர்கள் விளையாட்டு விளையாடுகிறேன்.,Subject-Verb Agreement,அவர்கள் விளையாட்டு விளையாடுகிறார்கள்.
நான் வீட்டில் வேலை செய்கிறார்கள்.,Subject-Verb Agreement,நான் வீட்டில் வேலை செய்கிறேன்.
அவன் பேசுகிறேன்.,Subject-Verb Agreement,அவன் பேசுகிறான்.
நாங்கள் உணவு சாப்பிடுகிறான்.,Subject-Verb Agreement,நாங்கள் உணவு சாப்பிடுகிறோம்.
அவள் கதை சொல்லுகிறார்கள்.,Subject-Verb Agreement,அவள் கதை சொல்லுகிறாள்.
அவர்கள் நீச்சலடிக்கிறேன்.,Subject-Verb Agreement,அவர்கள் நீச்சலடிக்கிறார்கள்.
நான் பாடல்களை படிக்கிறார்கள்.,Subject-Verb Agreement,நான் பாடல்களை படிக்கிறேன்.
அவள் பாடல்கள் பாடுகிறான்.,Subject-Verb Agreement,அவள் பாடல்கள் பாடுகிறாள்.
நாங்கள் நேரம் பழகுகிறேன்.,Subject-Verb Agreement,நாங்கள் நேரம் பழகுகிறோம்.
அவன் புத்தகத்தை படிக்கிறார்கள்.,Subject-Verb Agreement,அவன் புத்தகத்தை படிக்கிறான்.
அவர்கள் விளையாட்டு விளையாடுகிறேன்.,Subject-Verb Agreement,அவர்கள் விளையாட்டு விளையாடுகிறார்கள்.
நான் வீட்டில் வேலை செய்கிறார்கள்.,Subject-Verb Agreement,நான் வீட்டில் வேலை செய்கிறேன்.
அவன் பேசுகிறேன்.,Subject-Verb Agreement,அவன் பேசுகிறான்.
நாங்கள் உணவு சாப்பிடுகிறான்.,Subject-Verb Agreement,நாங்கள் உணவு சாப்பிடுகிறோம்.
அவள் கதை சொல்லுகிறார்கள்.,Subject-Verb Agreement,அவள் கதை சொல்லுகிறாள்.
அவர்கள் நீச்சலடிக்கிறேன்.,Subject-Verb Agreement,அவர்கள் நீச்சலடிக்கிறார்கள்.
நான் பாடல்களை படிக்கிறார்கள்.,Subject-Verb Agreement,நான் பாடல்களை படிக்கிறேன்.
அவள் பாடல்கள் பாடுகிறான்.,Subject-Verb Agreement,அவள் பாடல்கள் பாடுகிறாள்.
நாங்கள் நேரம் பழகுகிறேன்.,Subject-Verb Agreement,நாங்கள் நேரம் பழகுகிறோம்.
அவன் புத்தகத்தை படிக்கிறார்கள்.,Subject-Verb Agreement,அவன் புத்தகத்தை படிக்கிறான்.
அவர்கள் விளையாட்டு விளையாடுகிறேன்.,Subject-Verb Agreement,அவர்கள் விளையாட்டு விளையாடுகிறார்கள்.
நான் வீட்டில் வேலை செய்கிறார்கள்.,Subject-Verb Agreement,நான் வீட்டில் வேலை செய்கிறேன்.
அவன் பேசுகிறேன்.,Subject-Verb Agreement,அவன் பேசுகிறான்.
நாங்கள் உணவு சாப்பிடுகிறான்.,Subject-Verb Agreement,நாங்கள் உணவு சாப்பிடுகிறோம்.
அவள் கதை சொல்லுகிறார்கள்.,Subject-Verb Agreement,அவள் கதை சொல்லுகிறாள்.
அவர்கள் நீச்சலடிக்கிறேன்.,Subject-Verb Agreement,அவர்கள் நீச்சலடிக்கிறார்கள்.
நான் பாடல்களை படிக்கிறார்கள்.,Subject-Verb Agreement,நான் பாடல்களை படிக்கிறேன்.
அவள் பாடல்கள் பாடுகிறான்.,Subject-Verb Agreement,அவள் பாடல்கள் பாடுகிறாள்.
நாங்கள் நேரம் பழகுகிறேன்.,Subject-Verb Agreement,நாங்கள் நேரம் பழகுகிறோம்.
அவன் புத்தகத்தை படிக்கிறார்கள்.,Subject-Verb Agreement,அவன் புத்தகத்தை படிக்கிறான்.
அவர்கள் விளையாட்டு விளையாடுகிறேன்.,Subject-Verb Agreement,அவர்கள் விளையாட்டு விளையாடுகிறார்கள்.
நான் வீட்டில் வேலை செய்கிறார்கள்.,Subject-Verb Agreement,நான் வீட்டில் வேலை செய்கிறேன்.
அவன் பேசுகிறேன்.,Subject-Verb Agreement,அவன் பேசுகிறான்.
நாங்கள் உணவு சாப்பிடுகிறான்.,Subject-Verb Agreement,நாங்கள் உணவு சாப்பிடுகிறோம்.
அவள் கதை சொல்லுகிறார்கள்.,Subject-Verb Agreement,அவள் கதை சொல்லுகிறாள்.
அவர்கள் நீச்சலடிக்கிறேன்.,Subject-Verb Agreement,அவர்கள் நீச்சலடிக்கிறார்கள்.
நான் பாடல்களை படிக்கிறார்கள்.,Subject-Verb Agreement,நான் பாடல்களை படிக்கிறேன்.
அவள் பாடல்கள் பாடுகிறான்.,Subject-Verb Agreement,அவள் பாடல்கள் பாடுகிறாள்.
நாங்கள் நேரம் பழகுகிறேன்.,Subject-Verb Agreement,நாங்கள் நேரம் பழகுகிறோம்.
அவன் புத்தகத்தை படிக்கிறார்கள்.,Subject-Verb Agreement,அவன் புத்தகத்தை படிக்கிறான்.
அவர்கள் விளையாட்டு விளையாடுகிறேன்.,Subject-Verb Agreement,அவர்கள் விளையாட்டு விளையாடுகிறார்கள்.
நான் வீட்டில் வேலை செய்கிறார்கள்.,Subject-Verb Agreement,நான் வீட்டில் வேலை செய்கிறேன்.
அவன் பேசுகிறேன்.,Subject-Verb Agreement,அவன் பேசுகிறான்.
நாங்கள் உணவு சாப்பிடுகிறான்.,Subject-Verb Agreement,நாங்கள் உணவு சாப்பிடுகிறோம்.
அவள் கதை சொல்லுகிறார்கள்.,Subject-Verb Agreement,அவள் கதை சொல்லுகிறாள்.
அவர்கள் நீச்சலடிக்கிறேன்.,Subject-Verb Agreement,அவர்கள் நீச்சலடிக்கிறார்கள்.
நான் பாடல்களை படிக்கிறார்கள்.,Subject-Verb Agreement,நான் பாடல்களை படிக்கிறேன்.
அவள் பாடல்கள் பாடுகிறான்.,Subject-Verb Agreement,அவள் பாடல்கள் பாடுகிறாள்.
நாங்கள் நேரம் பழகுகிறேன்.,Subject-Verb Agreement,நாங்கள் நேரம் பழகுகிறோம்.
அவன் புத்தகத்தை படிக்கிறார்கள்.,Subject-Verb Agreement,அவன் புத்தகத்தை படிக்கிறான்.
அவர்கள் விளையாட்டு விளையாடுகிறேன்.,Subject-Verb Agreement,அவர்கள் விளையாட்டு விளையாடுகிறார்கள்.
நான் வீட்டில் வேலை செய்கிறார்கள்.,Subject-Verb Agreement,நான் வீட்டில் வேலை செய்கிறேன்.
அவன் பேசுகிறேன்.,Subject-Verb Agreement,அவன் பேசுகிறான்.
நாங்கள் உணவு சாப்பிடுகிறான்.,Subject-Verb Agreement,நாங்கள் உணவு சாப்பிடுகிறோம்.
அவள் கதை சொல்லுகிறார்கள்.,Subject-Verb Agreement,அவள் கதை சொல்லுகிறாள்.
அவர்கள் நீச்சலடிக்கிறேன்.,Subject-Verb Agreement,அவர்கள் நீச்சலடிக்கிறார்கள்.
நான் பாடல்களை படிக்கிறார்கள்.,Subject-Verb Agreement,நான் பாடல்களை படிக்கிறேன்.
அவள் பாடல்கள் பாடுகிறான்.,Subject-Verb Agreement,அவள் பாடல்கள் பாடுகிறாள்.
நாங்கள் நேரம் பழகுகிறேன்.,Subject-Verb Agreement,நாங்கள் நேரம் பழகுகிறோம்.
அவன் புத்தகத்தை படிக்கிறார்கள்.,Subject-Verb Agreement,அவன் புத்தகத்தை படிக்கிறான்.
அவர்கள் விளையாட்டு விளையாடுகிறேன்.,Subject-Verb Agreement,அவர்கள் விளையாட்டு விளையாடுகிறார்கள்.
நான் வீட்டில் வேலை செய்கிறார்கள்.,Subject-Verb Agreement,நான் வீட்டில் வேலை செய்கிறேன்.
அவன் பேசுகிறேன்.,Subject-Verb Agreement,அவன் பேசுகிறான்.
நாங்கள் உணவு சாப்பிடுகிறான்.,Subject-Verb Agreement,நாங்கள் உணவு சாப்பிடுகிறோம்.
அவள் கதை சொல்லுகிறார்கள்.,Subject-Verb Agreement,அவள் கதை சொல்லுகிறாள்.
அவர்கள் நீச்சலடிக்கிறேன்.,Subject-Verb Agreement,அவர்கள் நீச்சலடிக்கிறார்கள்.
நான் பாடல்களை படிக்கிறார்கள்.,Subject-Verb Agreement,நான் பாடல்களை படிக்கிறேன்.
அவள் பாடல்கள் பாடுகிறான்.,Subject-Verb Agreement,அவள் பாடல்கள் பாடுகிறாள்.
நாங்கள் நேரம் பழகுகிறேன்.,Subject-Verb Agreement,நாங்கள் நேரம் பழகுகிறோம்.
அவன் புத்தகத்தை படிக்கிறார்கள்.,Subject-Verb Agreement,அவன் புத்தகத்தை படிக்கிறான்.
அவர்கள் விளையாட்டு விளையாடுகிறேன்.,Subject-Verb Agreement,அவர்கள் விளையாட்டு விளையாடுகிறார்கள்.
நான் வீட்டில் வேலை செய்கிறார்கள்.,Subject-Verb Agreement,நான் வீட்டில் வேலை செய்கிறேன்.
அவன் பேசுகிறேன்.,Subject-Verb Agreement,அவன் பேசுகிறான்.
நாங்கள் உணவு சாப்பிடுகிறான்.,Subject-Verb Agreement,நாங்கள் உணவு சாப்பிடுகிறோம்.
அவள் கதை சொல்லுகிறார்கள்.,Subject-Verb Agreement,அவள் கதை சொல்லுகிறாள்.
அவர்கள் நீச்சலடிக்கிறேன்.,Subject-Verb Agreement,அவர்கள் நீச்சலடிக்கிறார்கள்.
நான் பாடல்களை படிக்கிறார்கள்.,Subject-Verb Agreement,நான் பாடல்களை படிக்கிறேன்.
அவள் பாடல்கள் பாடுகிறான்.,Subject-Verb Agreement,அவள் பாடல்கள் பாடுகிறாள்.
நாங்கள் நேரம் பழகுகிறேன்.,Subject-Verb Agreement,நாங்கள் நேரம் பழகுகிறோம்.
அவன் புத்தகத்தை படிக்கிறார்கள்.,Subject-Verb Agreement,அவன் புத்தகத்தை படிக்கிறான்.
அவர்கள் விளையாட்டு விளையாடுகிறேன்.,Subject-Verb Agreement,அவர்கள் விளையாட்டு விளையாடுகிறார்கள்.
நான் வீட்டில் வேலை செய்கிறார்கள்.,Subject-Verb Agreement,நான் வீட்டில் வேலை செய்கிறேன்.
அவன் பேசுகிறேன்.,Subject-Verb Agreement,அவன் பேசுகிறான்.
நாங்கள் உணவு சாப்பிடுகிறான்.,Subject-Verb Agreement,நாங்கள் உணவு சாப்பிடுகிறோம்.
அவள் கதை சொல்லுகிறார்கள்.,Subject-Verb Agreement,அவள் கதை சொல்லுகிறாள்.
அவர்கள் நீச்சலடிக்கிறேன்.,Subject-Verb Agreement,அவர்கள் நீச்சலடிக்கிறார்கள்.
நான் பாடல்களை படிக்கிறார்கள்.,Subject-Verb Agreement,நான் பாடல்களை படிக்கிறேன்.
அவள் பாடல்கள் பாடுகிறான்.,Subject-Verb Agreement,அவள் பாடல்கள் பாடுகிறாள்.
நாங்கள் நேரம் பழகுகிறேன்.,Subject-Verb Agreement,நாங்கள் நேரம் பழகுகிறோம்.
அவன் புத்தகத்தை படிக்கிறார்கள்.,Subject-Verb Agreement,அவன் புத்தகத்தை படிக்கிறான்.
அவர்கள் விளையாட்டு விளையாடுகிறேன்.,Subject-Verb Agreement,அவர்கள் விளையாட்டு விளையாடுகிறார்கள்.
நான் வீட்டில் வேலை செய்கிறார்கள்.,Subject-Verb Agreement,நான் வீட்டில் வேலை செய்கிறேன்.
அவன் பேசுகிறேன்.,Subject-Verb Agreement,அவன் பேசுகிறான்.
நாங்கள் உணவு சாப்பிடுகிறான்.,Subject-Verb Agreement,நாங்கள் உணவு சாப்பிடுகிறோம்.
அவள் கதை சொல்லுகிறார்கள்.,Subject-Verb Agreement,அவள் கதை சொல்லுகிறாள்.
அவர்கள் நீச்சலடிக்கிறேன்.,Subject-Verb Agreement,அவர்கள் நீச்சலடிக்கிறார்கள்.
நான் பாடல்களை படிக்கிறார்கள்.,Subject-Verb Agreement,நான் பாடல்களை படிக்கிறேன்.
அவள் பாடல்கள் பாடுகிறான்.,Subject-Verb Agreement,அவள் பாடல்கள் பாடுகிறாள்.
நாங்கள் நேரம் பழகுகிறேன்.,Subject-Verb Agreement,நாங்கள் நேரம் பழகுகிறோம்.
அவன் புத்தகத்தை படிக்கிறார்கள்.,Subject-Verb Agreement,அவன் புத்தகத்தை படிக்கிறான்.
அவர்கள் விளையாட்டு விளையாடுகிறேன்.,Subject-Verb Agreement,அவர்கள் விளையாட்டு விளையாடுகிறார்கள்.
நான் வீட்டில் வேலை செய்கிறார்கள்.,Subject-Verb Agreement,நான் வீட்டில் வேலை செய்கிறேன்.
அவன் பேசுகிறேன்.,Subject-Verb Agreement,அவன் பேசுகிறான்.
நாங்கள் உணவு சாப்பிடுகிறான்.,Subject-Verb Agreement,நாங்கள் உணவு சாப்பிடுகிறோம்.
அவள் கதை சொல்லுகிறார்கள்.,Subject-Verb Agreement,அவள் கதை சொல்லுகிறாள்.
அவர்கள் நீச்சலடிக்கிறேன்.,Subject-Verb Agreement,அவர்கள் நீச்சலடிக்கிறார்கள்.
நான் பாடல்களை படிக்கிறார்கள்.,Subject-Verb Agreement,நான் பாடல்களை படிக்கிறேன்.
அவள் பாடல்கள் பாடுகிறான்.,Subject-Verb Agreement,அவள் பாடல்கள் பாடுகிறாள்.
நாங்கள் நேரம் பழகுகிறேன்.,Subject-Verb Agreement,நாங்கள் நேரம் பழகுகிறோம்.
அவன் புத்தகத்தை படிக்கிறார்கள்.,Subject-Verb Agreement,அவன் புத்தகத்தை படிக்கிறான்.
அவர்கள் விளையாட்டு விளையாடுகிறேன்.,Subject-Verb Agreement,அவர்கள் விளையாட்டு விளையாடுகிறார்கள்.
நான் வீட்டில் வேலை செய்கிறார்கள்.,Subject-Verb Agreement,நான் வீட்டில் வேலை செய்கிறேன்.
அவன் பேசுகிறேன்.,Subject-Verb Agreement,அவன் பேசுகிறான்.
நாங்கள் உணவு சாப்பிடுகிறான்.,Subject-Verb Agreement,நாங்கள் உணவு சாப்பிடுகிறோம்.
அவள் கதை சொல்லுகிறார்கள்.,Subject-Verb Agreement,அவள் கதை சொல்லுகிறாள்.
அவர்கள் நீச்சலடிக்கிறேன்.,Subject-Verb Agreement,அவர்கள் நீச்சலடிக்கிறார்கள்.
நான் பாடல்களை படிக்கிறார்கள்.,Subject-Verb Agreement,நான் பாடல்களை படிக்கிறேன்.
அவள் பாடல்கள் பாடுகிறான்.,Subject-Verb Agreement,அவள் பாடல்கள் பாடுகிறாள்.
நாங்கள் நேரம் பழகுகிறேன்.,Subject-Verb Agreement,நாங்கள் நேரம் பழகுகிறோம்.
அவன் புத்தகத்தை படிக்கிறார்கள்.,Subject-Verb Agreement,அவன் புத்தகத்தை படிக்கிறான்.
அவர்கள் விளையாட்டு விளையாடுகிறேன்.,Subject-Verb Agreement,அவர்கள் விளையாட்டு விளையாடுகிறார்கள்.
நான் வீட்டில் வேலை செய்கிறார்கள்.,Subject-Verb Agreement,நான் வீட்டில் வேலை செய்கிறேன்.
அவன் பேசுகிறேன்.,Subject-Verb Agreement,அவன் பேசுகிறான்.
நாங்கள் உணவு சாப்பிடுகிறான்.,Subject-Verb Agreement,நாங்கள் உணவு சாப்பிடுகிறோம்.
அவள் கதை சொல்லுகிறார்கள்.,Subject-Verb Agreement,அவள் கதை சொல்லுகிறாள்.
அவர்கள் நீச்சலடிக்கிறேன்.,Subject-Verb Agreement,அவர்கள் நீச்சலடிக்கிறார்கள்.
நான் பாடல்களை படிக்கிறார்கள்.,Subject-Verb Agreement,நான் பாடல்களை படிக்கிறேன்.
அவள் பாடல்கள் பாடுகிறான்.,Subject-Verb Agreement,அவள் பாடல்கள் பாடுகிறாள்.
நாங்கள் நேரம் பழகுகிறேன்.,Subject-Verb Agreement,நாங்கள் நேரம் பழகுகிறோம்.
அவன் புத்தகத்தை படிக்கிறார்கள்.,Subject-Verb Agreement,அவன் புத்தகத்தை படிக்கிறான்.
அவர்கள் விளையாட்டு விளையாடுகிறேன்.,Subject-Verb Agreement,அவர்கள் விளையாட்டு விளையாடுகிறார்கள்.
நான் வீட்டில் வேலை செய்கிறார்கள்.,Subject-Verb Agreement,நான் வீட்டில் வேலை செய்கிறேன்.
அவன் பேசுகிறேன்.,Subject-Verb Agreement,அவன் பேசுகிறான்.
நாங்கள் உணவு சாப்பிடுகிறான்.,Subject-Verb Agreement,நாங்கள் உணவு சாப்பிடுகிறோம்.
அவள் கதை சொல்லுகிறார்கள்.,Subject-Verb Agreement,அவள் கதை சொல்லுகிறாள்.
அவர்கள் நீச்சலடிக்கிறேன்.,Subject-Verb Agreement,அவர்கள் நீச்சலடிக்கிறார்கள்.
நான் பாடல்களை படிக்கிறார்கள்.,Subject-Verb Agreement,நான் பாடல்களை படிக்கிறேன்.
அவள் பாடல்கள் பாடுகிறான்.,Subject-Verb Agreement,அவள் பாடல்கள் பாடுகிறாள்.
நாங்கள் நேரம் பழகுகிறேன்.,Subject-Verb Agreement,நாங்கள் நேரம் பழகுகிறோம்.
அவன் புத்தகத்தை படிக்கிறார்கள்.,Subject-Verb Agreement,அவன் புத்தகத்தை படிக்கிறான்.
அவர்கள் விளையாட்டு விளையாடுகிறேன்.,Subject-Verb Agreement,அவர்கள் விளையாட்டு விளையாடுகிறார்கள்.
நான் வீட்டில் வேலை செய்கிறார்கள்.,Subject-Verb Agreement,நான் வீட்டில் வேலை செய்கிறேன்.
அவன் பேசுகிறேன்.,Subject-Verb Agreement,அவன் பேசுகிறான்.
நாங்கள் உணவு சாப்பிடுகிறான்.,Subject-Verb Agreement,நாங்கள் உணவு சாப்பிடுகிறோம்.
அவள் கதை சொல்லுகிறார்கள்.,Subject-Verb Agreement,அவள் கதை சொல்லுகிறாள்.
அவர்கள் நீச்சலடிக்கிறேன்.,Subject-Verb Agreement,அவர்கள் நீச்சலடிக்கிறார்கள்.
நான் பாடல்களை படிக்கிறார்கள்.,Subject-Verb Agreement,நான் பாடல்களை படிக்கிறேன்.
அவள் பாடல்கள் பாடுகிறான்.,Subject-Verb Agreement,அவள் பாடல்கள் பாடுகிறாள்.
நாங்கள் நேரம் பழகுகிறேன்.,Subject-Verb Agreement,நாங்கள் நேரம் பழகுகிறோம்.
அவன் புத்தகத்தை படிக்கிறார்கள்.,Subject-Verb Agreement,அவன் புத்தகத்தை படிக்கிறான்.
அவர்கள் விளையாட்டு விளையாடுகிறேன்.,Subject-Verb Agreement,அவர்கள் விளையாட்டு விளையாடுகிறார்கள்.
நான் வீட்டில் வேலை செய்கிறார்கள்.,Subject-Verb Agreement,நான் வீட்டில் வேலை செய்கிறேன்.
அவன் பேசுகிறேன்.,Subject-Verb Agreement,அவன் பேசுகிறான்.
நாங்கள் உணவு சாப்பிடுகிறான்.,Subject-Verb Agreement,நாங்கள் உணவு சாப்பிடுகிறோம்.
அவள் கதை சொல்லுகிறார்கள்.,Subject-Verb Agreement,அவள் கதை சொல்லுகிறாள்.
அவர்கள் நீச்சலடிக்கிறேன்.,Subject-Verb Agreement,அவர்கள் நீச்சலடிக்கிறார்கள்.
நான் பாடல்களை படிக்கிறார்கள்.,Subject-Verb Agreement,நான் பாடல்களை படிக்கிறேன்.
அவள் பாடல்கள் பாடுகிறான்.,Subject-Verb Agreement,அவள் பாடல்கள் பாடுகிறாள்.
நாங்கள் நேரம் பழகுகிறேன்.,Subject-Verb Agreement,நாங்கள் நேரம் பழகுகிறோம்.
அவன் புத்தகத்தை படிக்கிறார்கள்.,Subject-Verb Agreement,அவன் புத்தகத்தை படிக்கிறான்.
அவர்கள் விளையாட்டு விளையாடுகிறேன்.,Subject-Verb Agreement,அவர்கள் விளையாட்டு விளையாடுகிறார்கள்.
நான் வீட்டில் வேலை செய்கிறார்கள்.,Subject-Verb Agreement,நான் வீட்டில் வேலை செய்கிறேன்.
அவன் பேசுகிறேன்.,Subject-Verb Agreement,அவன் பேசுகிறான்.
நாங்கள் உணவு சாப்பிடுகிறான்.,Subject-Verb Agreement,நாங்கள் உணவு சாப்பிடுகிறோம்.
அவள் கதை சொல்லுகிறார்கள்.,Subject-Verb Agreement,அவள் கதை சொல்லுகிறாள்.
அவர்கள் நீச்சலடிக்கிறேன்.,Subject-Verb Agreement,அவர்கள் நீச்சலடிக்கிறார்கள்.
நான் பாடல்களை படிக்கிறார்கள்.,Subject-Verb Agreement,நான் பாடல்களை படிக்கிறேன்.
அவள் பாடல்கள் பாடுகிறான்.,Subject-Verb Agreement,அவள் பாடல்கள் பாடுகிறாள்.
நாங்கள் நேரம் பழகுகிறேன்.,Subject-Verb Agreement,நாங்கள் நேரம் பழகுகிறோம்.
அவன் புத்தகத்தை படிக்கிறார்கள்.,Subject-Verb Agreement,அவன் புத்தகத்தை படிக்கிறான்.
அவர்கள் விளையாட்டு விளையாடுகிறேன்.,Subject-Verb Agreement,அவர்கள் விளையாட்டு விளையாடுகிறார்கள்.
நான் வீட்டில் வேலை செய்கிறார்கள்.,Subject-Verb Agreement,நான் வீட்டில் வேலை செய்கிறேன்.
அவன் பேசுகிறேன்.,Subject-Verb Agreement,அவன் பேசுகிறான்.
நாங்கள் உணவு சாப்பிடுகிறான்.,Subject-Verb Agreement,நாங்கள் உணவு சாப்பிடுகிறோம்.
அவள் கதை சொல்லுகிறார்கள்.,Subject-Verb Agreement,அவள் கதை சொல்லுகிறாள்.
அவர்கள் நீச்சலடிக்கிறேன்.,Subject-Verb Agreement,அவர்கள் நீச்சலடிக்கிறார்கள்.
நான் பாடல்களை படிக்கிறார்கள்.,Subject-Verb Agreement,நான் பாடல்களை படிக்கிறேன்.
அவள் பாடல்கள் பாடுகிறான்.,Subject-Verb Agreement,அவள் பாடல்கள் பாடுகிறாள்.
நாங்கள் நேரம் பழகுகிறேன்.,Subject-Verb Agreement,நாங்கள் நேரம் பழகுகிறோம்.
அவன் புத்தகத்தை படிக்கிறார்கள்.,Subject-Verb Agreement,அவன் புத்தகத்தை படிக்கிறான்.
அவர்கள் விளையாட்டு விளையாடுகிறேன்.,Subject-Verb Agreement,அவர்கள் விளையாட்டு விளையாடுகிறார்கள்.
நான் வீட்டில் வேலை செய்கிறார்கள்.,Subject-Verb Agreement,நான் வீட்டில் வேலை செய்கிறேன்.
அவன் பேசுகிறேன்.,Subject-Verb Agreement,அவன் பேசுகிறான்.
நாங்கள் உணவு சாப்பிடுகிறான்.,Subject-Verb Agreement,நாங்கள் உணவு சாப்பிடுகிறோம்.
அவள் கதை சொல்லுகிறார்கள்.,Subject-Verb Agreement,அவள் கதை சொல்லுகிறாள்.
அவர்கள் நீச்சலடிக்கிறேன்.,Subject-Verb Agreement,அவர்கள் நீச்சலடிக்கிறார்கள்.
நான் பாடல்களை படிக்கிறார்கள்.,Subject-Verb Agreement,நான் பாடல்களை படிக்கிறேன்.
அவள் பாடல்கள் பாடுகிறான்.,Subject-Verb Agreement,அவள் பாடல்கள் பாடுகிறாள்.
நாங்கள் நேரம் பழகுகிறேன்.,Subject-Verb Agreement,நாங்கள் நேரம் பழகுகிறோம்.
அவன் புத்தகத்தை படிக்கிறார்கள்.,Subject-Verb Agreement,அவன் புத்தகத்தை படிக்கிறான்.
அவர்கள் விளையாட்டு விளையாடுகிறேன்.,Subject-Verb Agreement,அவர்கள் விளையாட்டு விளையாடுகிறார்கள்.
நான் வீட்டில் வேலை செய்கிறார்கள்.,Subject-Verb Agreement,நான் வீட்டில் வேலை செய்கிறேன்.
அவன் பேசுகிறேன்.,Subject-Verb Agreement,அவன் பேசுகிறான்.
நாங்கள் உணவு சாப்பிடுகிறான்.,Subject-Verb Agreement,நாங்கள் உணவு சாப்பிடுகிறோம்.
அவள் கதை சொல்லுகிறார்கள்.,Subject-Verb Agreement,அவள் கதை சொல்லுகிறாள்.
அவர்கள் நீச்சலடிக்கிறேன்.,Subject-Verb Agreement,அவர்கள் நீச்சலடிக்கிறார்கள்.
நான் பாடல்களை படிக்கிறார்கள்.,Subject-Verb Agreement,நான் பாடல்களை படிக்கிறேன்.
அவள் பாடல்கள் பாடுகிறான்.,Subject-Verb Agreement,அவள் பாடல்கள் பாடுகிறாள்.
நாங்கள் நேரம் பழகுகிறேன்.,Subject-Verb Agreement,நாங்கள் நேரம் பழகுகிறோம்.
அவன் புத்தகத்தை படிக்கிறார்கள்.,Subject-Verb Agreement,அவன் புத்தகத்தை படிக்கிறான்.
அவர்கள் விளையாட்டு விளையாடுகிறேன்.,Subject-Verb Agreement,அவர்கள் விளையாட்டு விளையாடுகிறார்கள்.
நான் வீட்டில் வேலை செய்கிறார்கள்.,Subject-Verb Agreement,நான் வீட்டில் வேலை செய்கிறேன்.
அவன் பேசுகிறேன்.,Subject-Verb Agreement,அவன் பேசுகிறான்.
நாங்கள் உணவு சாப்பிடுகிறான்.,Subject-Verb Agreement,நாங்கள் உணவு சாப்பிடுகிறோம்.
அவள் கதை சொல்லுகிறார்கள்.,Subject-Verb Agreement,அவள் கதை சொல்லுகிறாள்.
அவர்கள் நீச்சலடிக்கிறேன்.,Subject-Verb Agreement,அவர்கள் நீச்சலடிக்கிறார்கள்.
நான் பாடல்களை படிக்கிறார்கள்.,Subject-Verb Agreement,நான் பாடல்களை படிக்கிறேன்.
அவள் பாடல்கள் பாடுகிறான்.,Subject-Verb Agreement,அவள் பாடல்கள் பாடுகிறாள்.
நாங்கள் நேரம் பழகுகிறேன்.,Subject-Verb Agreement,நாங்கள் நேரம் பழகுகிறோம்.
அவன் புத்தகத்தை படிக்கிறார்கள்.,Subject-Verb Agreement,அவன் புத்தகத்தை படிக்கிறான்.
அவர்கள் விளையாட்டு விளையாடுகிறேன்.,Subject-Verb Agreement,அவர்கள் விளையாட்டு விளையாடுகிறார்கள்.
நான் வீட்டில் வேலை செய்கிறார்கள்.,Subject-Verb Agreement,நான் வீட்டில் வேலை செய்கிறேன்.
அவன் பேசுகிறேன்.,Subject-Verb Agreement,அவன் பேசுகிறான்.
நாங்கள் உணவு சாப்பிடுகிறான்.,Subject-Verb Agreement,நாங்கள் உணவு சாப்பிடுகிறோம்.
அவள் கதை சொல்லுகிறார்கள்.,Subject-Verb Agreement,அவள் கதை சொல்லுகிறாள்.
அவர்கள் நீச்சலடிக்கிறேன்.,Subject-Verb Agreement,அவர்கள் நீச்சலடிக்கிறார்கள்.
நான் பாடல்களை படிக்கிறார்கள்.,Subject-Verb Agreement,நான் பாடல்களை படிக்கிறேன்.
அவள் பாடல்கள் பாடுகிறான்.,Subject-Verb Agreement,அவள் பாடல்கள் பாடுகிறாள்.
நாங்கள் நேரம் பழகுகிறேன்.,Subject-Verb Agreement,நாங்கள் நேரம் பழகுகிறோம்.
அவன் புத்தகத்தை படிக்கிறார்கள்.,Subject-Verb Agreement,அவன் புத்தகத்தை படிக்கிறான்.
அவர்கள் விளையாட்டு விளையாடுகிறேன்.,Subject-Verb Agreement,அவர்கள் விளையாட்டு விளையாடுகிறார்கள்.
நான் வீட்டில் வேலை செய்கிறார்கள்.,Subject-Verb Agreement,நான் வீட்டில் வேலை செய்கிறேன்.
அவன் பேசுகிறேன்.,Subject-Verb Agreement,அவன் பேசுகிறான்.
நாங்கள் உணவு சாப்பிடுகிறான்.,Subject-Verb Agreement,நாங்கள் உணவு சாப்பிடுகிறோம்.
அவள் கதை சொல்லுகிறார்கள்.,Subject-Verb Agreement,அவள் கதை சொல்லுகிறாள்.
அவர்கள் நீச்சலடிக்கிறேன்.,Subject-Verb Agreement,அவர்கள் நீச்சலடிக்கிறார்கள்.
நான் பாடல்களை படிக்கிறார்கள்.,Subject-Verb Agreement,நான் பாடல்களை படிக்கிறேன்.
அவள் பாடல்கள் பாடுகிறான்.,Subject-Verb Agreement,அவள் பாடல்கள் பாடுகிறாள்.
நாங்கள் நேரம் பழகுகிறேன்.,Subject-Verb Agreement,நாங்கள் நேரம் பழகுகிறோம்.
அவன் புத்தகத்தை படிக்கிறார்கள்.,Subject-Verb Agreement,அவன் புத்தகத்தை படிக்கிறான்.
அவர்கள் விளையாட்டு விளையாடுகிறேன்.,Subject-Verb Agreement,அவர்கள் விளையாட்டு விளையாடுகிறார்கள்.
நான் வீட்டில் வேலை செய்கிறார்கள்.,Subject-Verb Agreement,நான் வீட்டில் வேலை செய்கிறேன்.
அவன் பேசுகிறேன்.,Subject-Verb Agreement,அவன் பேசுகிறான்.
நாங்கள் உணவு சாப்பிடுகிறான்.,Subject-Verb Agreement,நாங்கள் உணவு சாப்பிடுகிறோம்.
அவள் கதை சொல்லுகிறார்கள்.,Subject-Verb Agreement,அவள் கதை சொல்லுகிறாள்.
அவர்கள் நீச்சலடிக்கிறேன்.,Subject-Verb Agreement,அவர்கள் நீச்சலடிக்கிறார்கள்.
நான் பாடல்களை படிக்கிறார்கள்.,Subject-Verb Agreement,நான் பாடல்களை படிக்கிறேன்.
அவள் பாடல்கள் பாடுகிறான்.,Subject-Verb Agreement,அவள் பாடல்கள் பாடுகிறாள்.
நாங்கள் நேரம் பழகுகிறேன்.,Subject-Verb Agreement,நாங்கள் நேரம் பழகுகிறோம்.
அவன் புத்தகத்தை படிக்கிறார்கள்.,Subject-Verb Agreement,அவன் புத்தகத்தை படிக்கிறான்.
அவர்கள் விளையாட்டு விளையாடுகிறேன்.,Subject-Verb Agreement,அவர்கள் விளையாட்டு விளையாடுகிறார்கள்.
நான் வீட்டில் வேலை செய்கிறார்கள்.,Subject-Verb Agreement,நான் வீட்டில் வேலை செய்கிறேன்.
அவன் பேசுகிறேன்.,Subject-Verb Agreement,அவன் பேசுகிறான்.
நாங்கள் உணவு சாப்பிடுகிறான்.,Subject-Verb Agreement,நாங்கள் உணவு சாப்பிடுகிறோம்.
அவள் கதை சொல்லுகிறார்கள்.,Subject-Verb Agreement,அவள் கதை சொல்லுகிறாள்.
அவர்கள் நீச்சலடிக்கிறேன்.,Subject-Verb Agreement,அவர்கள் நீச்சலடிக்கிறார்கள்.
நான் பாடல்களை படிக்கிறார்கள்.,Subject-Verb Agreement,நான் பாடல்களை படிக்கிறேன்.
அவள் பாடல்கள் பாடுகிறான்.,Subject-Verb Agreement,அவள் பாடல்கள் பாடுகிறாள்.
நாங்கள் நேரம் பழகுகிறேன்.,Subject-Verb Agreement,நாங்கள் நேரம் பழகுகிறோம்.
அவன் புத்தகத்தை படிக்கிறார்கள்.,Subject-Verb Agreement,அவன் புத்தகத்தை படிக்கிறான்.
அவர்கள் விளையாட்டு விளையாடுகிறேன்.,Subject-Verb Agreement,அவர்கள் விளையாட்டு விளையாடுகிறார்கள்.
நான் வீட்டில் வேலை செய்கிறார்கள்.,Subject-Verb Agreement,நான் வீட்டில் வேலை செய்கிறேன்.
அவன் பேசுகிறேன்.,Subject-Verb Agreement,அவன் பேசுகிறான்.
நாங்கள் உணவு சாப்பிடுகிறான்.,Subject-Verb Agreement,நாங்கள் உணவு சாப்பிடுகிறோம்.
அவள் கதை சொல்லுகிறார்கள்.,Subject-Verb Agreement,அவள் கதை சொல்லுகிறாள்.
அவர்கள் நீச்சலடிக்கிறேன்.,Subject-Verb Agreement,அவர்கள் நீச்சலடிக்கிறார்கள்.
நான் பாடல்களை படிக்கிறார்கள்.,Subject-Verb Agreement,நான் பாடல்களை படிக்கிறேன்.
அவள் பாடல்கள் பாடுகிறான்.,Subject-Verb Agreement,அவள் பாடல்கள் பாடுகிறாள்.
நாங்கள் நேரம் பழகுகிறேன்.,Subject-Verb Agreement,நாங்கள் நேரம் பழகுகிறோம்.
அவன் புத்தகத்தை படிக்கிறார்கள்.,Subject-Verb Agreement,அவன் புத்தகத்தை படிக்கிறான்.
அவர்கள் விளையாட்டு விளையாடுகிறேன்.,Subject-Verb Agreement,அவர்கள் விளையாட்டு விளையாடுகிறார்கள்.
நான் வீட்டில் வேலை செய்கிறார்கள்.,Subject-Verb Agreement,நான் வீட்டில் வேலை செய்கிறேன்.
அவன் பேசுகிறேன்.,Subject-Verb Agreement,அவன் பேசுகிறான்.
நாங்கள் உணவு சாப்பிடுகிறான்.,Subject-Verb Agreement,நாங்கள் உணவு சாப்பிடுகிறோம்.
அவள் கதை சொல்லுகிறார்கள்.,Subject-Verb Agreement,அவள் கதை சொல்லுகிறாள்.
அவர்கள் நீச்சலடிக்கிறேன்.,Subject-Verb Agreement,அவர்கள் நீச்சலடிக்கிறார்கள்.
நான் பாடல்களை படிக்கிறார்கள்.,Subject-Verb Agreement,நான் பாடல்களை படிக்கிறேன்.
அவள் பாடல்கள் பாடுகிறான்.,Subject-Verb Agreement,அவள் பாடல்கள் பாடுகிறாள்.
நாங்கள் நேரம் பழகுகிறேன்.,Subject-Verb Agreement,நாங்கள் நேரம் பழகுகிறோம்.
அவன் புத்தகத்தை படிக்கிறார்கள்.,Subject-Verb Agreement,அவன் புத்தகத்தை படிக்கிறான்.
அவர்கள் விளையாட்டு விளையாடுகிறேன்.,Subject-Verb Agreement,அவர்கள் விளையாட்டு விளையாடுகிறார்கள்.
நான் வீட்டில் வேலை செய்கிறார்கள்.,Subject-Verb Agreement,நான் வீட்டில் வேலை செய்கிறேன்.
அவன் பேசுகிறேன்.,Subject-Verb Agreement,அவன் பேசுகிறான்.
நாங்கள் உணவு சாப்பிடுகிறான்.,Subject-Verb Agreement,நாங்கள் உணவு சாப்பிடுகிறோம்.
அவள் கதை சொல்லுகிறார்கள்.,Subject-Verb Agreement,அவள் கதை சொல்லுகிறாள்.
அவர்கள் நீச்சலடிக்கிறேன்.,Subject-Verb Agreement,அவர்கள் நீச்சலடிக்கிறார்கள்.
நான் பாடல்களை படிக்கிறார்கள்.,Subject-Verb Agreement,நான் பாடல்களை படிக்கிறேன்.
அவள் பாடல்கள் பாடுகிறான்.,Subject-Verb Agreement,அவள் பாடல்கள் பாடுகிறாள்.
நாங்கள் நேரம் பழகுகிறேன்.,Subject-Verb Agreement,நாங்கள் நேரம் பழகுகிறோம்.
அவன் புத்தகத்தை படிக்கிறார்கள்.,Subject-Verb Agreement,அவன் புத்தகத்தை படிக்கிறான்.
அவர்கள் விளையாட்டு விளையாடுகிறேன்.,Subject-Verb Agreement,அவர்கள் விளையாட்டு விளையாடுகிறார்கள்.
நான் வீட்டில் வேலை செய்கிறார்கள்.,Subject-Verb Agreement,நான் வீட்டில் வேலை செய்கிறேன்.
அவன் பேசுகிறேன்.,Subject-Verb Agreement,அவன் பேசுகிறான்.
நாங்கள் உணவு சாப்பிடுகிறான்.,Subject-Verb Agreement,நாங்கள் உணவு சாப்பிடுகிறோம்.
அவள் கதை சொல்லுகிறார்கள்.,Subject-Verb Agreement,அவள் கதை சொல்லுகிறாள்.
அவர்கள் நீச்சலடிக்கிறேன்.,Subject-Verb Agreement,அவர்கள் நீச்சலடிக்கிறார்கள்.
நான் பாடல்களை படிக்கிறார்கள்.,Subject-Verb Agreement,நான் பாடல்களை படிக்கிறேன்.
அவள் பாடல்கள் பாடுகிறான்.,Subject-Verb Agreement,அவள் பாடல்கள் பாடுகிறாள்.
நாங்கள் நேரம் பழகுகிறேன்.,Subject-Verb Agreement,நாங்கள் நேரம் பழகுகிறோம்.
அவன் புத்தகத்தை படிக்கிறார்கள்.,Subject-Verb Agreement,அவன் புத்தகத்தை படிக்கிறான்.
அவர்கள் விளையாட்டு விளையாடுகிறேன்.,Subject-Verb Agreement,அவர்கள் விளையாட்டு விளையாடுகிறார்கள்.
நான் வீட்டில் வேலை செய்கிறார்கள்.,Subject-Verb Agreement,நான் வீட்டில் வேலை செய்கிறேன்.
அவன் பேசுகிறேன்.,Subject-Verb Agreement,அவன் பேசுகிறான்.
நாங்கள் உணவு சாப்பிடுகிறான்.,Subject-Verb Agreement,நாங்கள் உணவு சாப்பிடுகிறோம்.
அவள் கதை சொல்லுகிறார்கள்.,Subject-Verb Agreement,அவள் கதை சொல்லுகிறாள்.
அவர்கள் நீச்சலடிக்கிறேன்.,Subject-Verb Agreement,அவர்கள் நீச்சலடிக்கிறார்கள்.
நான் பாடல்களை படிக்கிறார்கள்.,Subject-Verb Agreement,நான் பாடல்களை படிக்கிறேன்.
அவள் பாடல்கள் பாடுகிறான்.,Subject-Verb Agreement,அவள் பாடல்கள் பாடுகிறாள்.
நாங்கள் நேரம் பழகுகிறேன்.,Subject-Verb Agreement,நாங்கள் நேரம் பழகுகிறோம்.
அவன் புத்தகத்தை படிக்கிறார்கள்.,Subject-Verb Agreement,அவன் புத்தகத்தை படிக்கிறான்.
அவர்கள் விளையாட்டு விளையாடுகிறேன்.,Subject-Verb Agreement,அவர்கள் விளையாட்டு விளையாடுகிறார்கள்.
நான் வீட்டில் வேலை செய்கிறார்கள்.,Subject-Verb Agreement,நான் வீட்டில் வேலை செய்கிறேன்.
அவன் பேசுகிறேன்.,Subject-Verb Agreement,அவன் பேசுகிறான்.
நாங்கள் உணவு சாப்பிடுகிறான்.,Subject-Verb Agreement,நாங்கள் உணவு சாப்பிடுகிறோம்.
அவள் கதை சொல்லுகிறார்கள்.,Subject-Verb Agreement,அவள் கதை சொல்லுகிறாள்.
அவர்கள் நீச்சலடிக்கிறேன்.,Subject-Verb Agreement,அவர்கள் நீச்சலடிக்கிறார்கள்.
நான் பாடல்களை படிக்கிறார்கள்.,Subject-Verb Agreement,நான் பாடல்களை படிக்கிறேன்.
அவள் பாடல்கள் பாடுகிறான்.,Subject-Verb Agreement,அவள் பாடல்கள் பாடுகிறாள்.
நாங்கள் நேரம் பழகுகிறேன்.,Subject-Verb Agreement,நாங்கள் நேரம் பழகுகிறோம்.
அவன் புத்தகத்தை படிக்கிறார்கள்.,Subject-Verb Agreement,அவன் புத்தகத்தை படிக்கிறான்.
அவர்கள் விளையாட்டு விளையாடுகிறேன்.,Subject-Verb Agreement,அவர்கள் விளையாட்டு விளையாடுகிறார்கள்.
நான் வீட்டில் வேலை செய்கிறார்கள்.,Subject-Verb Agreement,நான் வீட்டில் வேலை செய்கிறேன்.
அவன் பேசுகிறேன்.,Subject-Verb Agreement,அவன் பேசுகிறான்.
நாங்கள் உணவு சாப்பிடுகிறான்.,Subject-Verb Agreement,நாங்கள் உணவு சாப்பிடுகிறோம்.
அவள் கதை சொல்லுகிறார்கள்.,Subject-Verb Agreement,அவள் கதை சொல்லுகிறாள்.
அவர்கள் நீச்சலடிக்கிறேன்.,Subject-Verb Agreement,அவர்கள் நீச்சலடிக்கிறார்கள்.
நான் பாடல்களை படிக்கிறார்கள்.,Subject-Verb Agreement,நான் பாடல்களை படிக்கிறேன்.
அவள் பாடல்கள் பாடுகிறான்.,Subject-Verb Agreement,அவள் பாடல்கள் பாடுகிறாள்.
நாங்கள் நேரம் பழகுகிறேன்.,Subject-Verb Agreement,நாங்கள் நேரம் பழகுகிறோம்.
அவன் புத்தகத்தை படிக்கிறார்கள்.,Subject-Verb Agreement,அவன் புத்தகத்தை படிக்கிறான்.
அவர்கள் விளையாட்டு விளையாடுகிறேன்.,Subject-Verb Agreement,அவர்கள் விளையாட்டு விளையாடுகிறார்கள்.
நான் வீட்டில் வேலை செய்கிறார்கள்.,Subject-Verb Agreement,நான் வீட்டில் வேலை செய்கிறேன்.
அவன் பேசுகிறேன்.,Subject-Verb Agreement,அவன் பேசுகிறான்.
நாங்கள் உணவு சாப்பிடுகிறான்.,Subject-Verb Agreement,நாங்கள் உணவு சாப்பிடுகிறோம்.
அவள் கதை சொல்லுகிறார்கள்.,Subject-Verb Agreement,அவள் கதை சொல்லுகிறாள்.
அவர்கள் நீச்சலடிக்கிறேன்.,Subject-Verb Agreement,அவர்கள் நீச்சலடிக்கிறார்கள்.
நான் பாடல்களை படிக்கிறார்கள்.,Subject-Verb Agreement,நான் பாடல்களை படிக்கிறேன்.
அவள் பாடல்கள் பாடுகிறான்.,Subject-Verb Agreement,அவள் பாடல்கள் பாடுகிறாள்.
நாங்கள் நேரம் பழகுகிறேன்.,Subject-Verb Agreement,நாங்கள் நேரம் பழகுகிறோம்.
அவன் புத்தகத்தை படிக்கிறார்கள்.,Subject-Verb Agreement,அவன் புத்தகத்தை படிக்கிறான்.
அவர்கள் விளையாட்டு விளையாடுகிறேன்.,Subject-Verb Agreement,அவர்கள் விளையாட்டு விளையாடுகிறார்கள்.
நான் வீட்டில் வேலை செய்கிறார்கள்.,Subject-Verb Agreement,நான் வீட்டில் வேலை செய்கிறேன்.
அவன் பேசுகிறேன்.,Subject-Verb Agreement,அவன் பேசுகிறான்.
நாங்கள் உணவு சாப்பிடுகிறான்.,Subject-Verb Agreement,நாங்கள் உணவு சாப்பிடுகிறோம்.
அவள் கதை சொல்லுகிறார்கள்.,Subject-Verb Agreement,அவள் கதை சொல்லுகிறாள்.
அவர்கள் நீச்சலடிக்கிறேன்.,Subject-Verb Agreement,அவர்கள் நீச்சலடிக்கிறார்கள்.
நான் பாடல்களை படிக்கிறார்கள்.,Subject-Verb Agreement,நான் பாடல்களை படிக்கிறேன்.
அவள் பாடல்கள் பாடுகிறான்.,Subject-Verb Agreement,அவள் பாடல்கள் பாடுகிறாள்.
நாங்கள் நேரம் பழகுகிறேன்.,Subject-Verb Agreement,நாங்கள் நேரம் பழகுகிறோம்.
அவன் புத்தகத்தை படிக்கிறார்கள்.,Subject-Verb Agreement,அவன் புத்தகத்தை படிக்கிறான்.
அவர்கள் விளையாட்டு விளையாடுகிறேன்.,Subject-Verb Agreement,அவர்கள் விளையாட்டு விளையாடுகிறார்கள்.
நான் வீட்டில் வேலை செய்கிறார்கள்.,Subject-Verb Agreement,நான் வீட்டில் வேலை செய்கிறேன்.
அவன் பேசுகிறேன்.,Subject-Verb Agreement,அவன் பேசுகிறான்.
நாங்கள் உணவு சாப்பிடுகிறான்.,Subject-Verb Agreement,நாங்கள் உணவு சாப்பிடுகிறோம்.
அவள் கதை சொல்லுகிறார்கள்.,Subject-Verb Agreement,அவள் கதை சொல்லுகிறாள்.
அவர்கள் நீச்சலடிக்கிறேன்.,Subject-Verb Agreement,அவர்கள் நீச்சலடிக்கிறார்கள்.
நான் பாடல்களை படிக்கிறார்கள்.,Subject-Verb Agreement,நான் பாடல்களை படிக்கிறேன்.
அவள் பாடல்கள் பாடுகிறான்.,Subject-Verb Agreement,அவள் பாடல்கள் பாடுகிறாள்.
நாங்கள் நேரம் பழகுகிறேன்.,Subject-Verb Agreement,நாங்கள் நேரம் பழகுகிறோம்.
அவன் புத்தகத்தை படிக்கிறார்கள்.,Subject-Verb Agreement,அவன் புத்தகத்தை படிக்கிறான்.
அவர்கள் விளையாட்டு விளையாடுகிறேன்.,Subject-Verb Agreement,அவர்கள் விளையாட்டு விளையாடுகிறார்கள்.
நான் வீட்டில் வேலை செய்கிறார்கள்.,Subject-Verb Agreement,நான் வீட்டில் வேலை செய்கிறேன்.
அவன் பேசுகிறேன்.,Subject-Verb Agreement,அவன் பேசுகிறான்.
நாங்கள் உணவு சாப்பிடுகிறான்.,Subject-Verb Agreement,நாங்கள் உணவு சாப்பிடுகிறோம்.
அவள் கதை சொல்லுகிறார்கள்.,Subject-Verb Agreement,அவள் கதை சொல்லுகிறாள்.
அவர்கள் நீச்சலடிக்கிறேன்.,Subject-Verb Agreement,அவர்கள் நீச்சலடிக்கிறார்கள்.
நான் பாடல்களை படிக்கிறார்கள்.,Subject-Verb Agreement,நான் பாடல்களை படிக்கிறேன்.
அவள் பாடல்கள் பாடுகிறான்.,Subject-Verb Agreement,அவள் பாடல்கள் பாடுகிறாள்.
நாங்கள் நேரம் பழகுகிறேன்.,Subject-Verb Agreement,நாங்கள் நேரம் பழகுகிறோம்.
அவன் புத்தகத்தை படிக்கிறார்கள்.,Subject-Verb Agreement,அவன் புத்தகத்தை படிக்கிறான்.
அவர்கள் விளையாட்டு விளையாடுகிறேன்.,Subject-Verb Agreement,அவர்கள் விளையாட்டு விளையாடுகிறார்கள்.
நான் வீட்டில் வேலை செய்கிறார்கள்.,Subject-Verb Agreement,நான் வீட்டில் வேலை செய்கிறேன்.
அவன் பேசுகிறேன்.,Subject-Verb Agreement,அவன் பேசுகிறான்.
நாங்கள் உணவு சாப்பிடுகிறான்.,Subject-Verb Agreement,நாங்கள் உணவு சாப்பிடுகிறோம்.
அவள் கதை சொல்லுகிறார்கள்.,Subject-Verb Agreement,அவள் கதை சொல்லுகிறாள்.
அவர்கள் நீச்சலடிக்கிறேன்.,Subject-Verb Agreement,அவர்கள் நீச்சலடிக்கிறார்கள்.
நான் பாடல்களை படிக்கிறார்கள்.,Subject-Verb Agreement,நான் பாடல்களை படிக்கிறேன்.
அவள் பாடல்கள் பாடுகிறான்.,Subject-Verb Agreement,அவள் பாடல்கள் பாடுகிறாள்.
நாங்கள் நேரம் பழகுகிறேன்.,Subject-Verb Agreement,நாங்கள் நேரம் பழகுகிறோம்.
அவன் புத்தகத்தை படிக்கிறார்கள்.,Subject-Verb Agreement,அவன் புத்தகத்தை படிக்கிறான்.
அவர்கள் விளையாட்டு விளையாடுகிறேன்.,Subject-Verb Agreement,அவர்கள் விளையாட்டு விளையாடுகிறார்கள்.
நான் வீட்டில் வேலை செய்கிறார்கள்.,Subject-Verb Agreement,நான் வீட்டில் வேலை செய்கிறேன்.
அவன் பேசுகிறேன்.,Subject-Verb Agreement,அவன் பேசுகிறான்.
நாங்கள் உணவு சாப்பிடுகிறான்.,Subject-Verb Agreement,நாங்கள் உணவு சாப்பிடுகிறோம்.
அவள் கதை சொல்லுகிறார்கள்.,Subject-Verb Agreement,அவள் கதை சொல்லுகிறாள்.
அவர்கள் நீச்சலடிக்கிறேன்.,Subject-Verb Agreement,அவர்கள் நீச்சலடிக்கிறார்கள்.
நான் பாடல்களை படிக்கிறார்கள்.,Subject-Verb Agreement,நான் பாடல்களை படிக்கிறேன்.
அவள் பாடல்கள் பாடுகிறான்.,Subject-Verb Agreement,அவள் பாடல்கள் பாடுகிறாள்.
நாங்கள் நேரம் பழகுகிறேன்.,Subject-Verb Agreement,நாங்கள் நேரம் பழகுகிறோம்.
அவன் புத்தகத்தை படிக்கிறார்கள்.,Subject-Verb Agreement,அவன் புத்தகத்தை படிக்கிறான்.
அவர்கள் விளையாட்டு விளையாடுகிறேன்.,Subject-Verb Agreement,அவர்கள் விளையாட்டு விளையாடுகிறார்கள்.
நான் வீட்டில் வேலை செய்கிறார்கள்.,Subject-Verb Agreement,நான் வீட்டில் வேலை செய்கிறேன்.
அவன் பேசுகிறேன்.,Subject-Verb Agreement,அவன் பேசுகிறான்.
நாங்கள் உணவு சாப்பிடுகிறான்.,Subject-Verb Agreement,நாங்கள் உணவு சாப்பிடுகிறோம்.
அவள் கதை சொல்லுகிறார்கள்.,Subject-Verb Agreement,அவள் கதை சொல்லுகிறாள்.
அவர்கள் நீச்சலடிக்கிறேன்.,Subject-Verb Agreement,அவர்கள் நீச்சலடிக்கிறார்கள்.
நான் பாடல்களை படிக்கிறார்கள்.,Subject-Verb Agreement,நான் பாடல்களை படிக்கிறேன்.
அவள் பாடல்கள் பாடுகிறான்.,Subject-Verb Agreement,அவள் பாடல்கள் பாடுகிறாள்.
நாங்கள் நேரம் பழகுகிறேன்.,Subject-Verb Agreement,நாங்கள் நேரம் பழகுகிறோம்.
அவன் புத்தகத்தை படிக்கிறார்கள்.,Subject-Verb Agreement,அவன் புத்தகத்தை படிக்கிறான்.
அவர்கள் விளையாட்டு விளையாடுகிறேன்.,Subject-Verb Agreement,அவர்கள் விளையாட்டு விளையாடுகிறார்கள்.
நான் வீட்டில் வேலை செய்கிறார்கள்.,Subject-Verb Agreement,நான் வீட்டில் வேலை செய்கிறேன்.
அவன் பேசுகிறேன்.,Subject-Verb Agreement,அவன் பேசுகிறான்.
நாங்கள் உணவு சாப்பிடுகிறான்.,Subject-Verb Agreement,நாங்கள் உணவு சாப்பிடுகிறோம்.
அவள் கதை சொல்லுகிறார்கள்.,Subject-Verb Agreement,அவள் கதை சொல்லுகிறாள்.
அவர்கள் நீச்சலடிக்கிறேன்.,Subject-Verb Agreement,அவர்கள் நீச்சலடிக்கிறார்கள்.
நான் பாடல்களை படிக்கிறார்கள்.,Subject-Verb Agreement,நான் பாடல்களை படிக்கிறேன்.
அவள் பாடல்கள் பாடுகிறான்.,Subject-Verb Agreement,அவள் பாடல்கள் பாடுகிறாள்.
நாங்கள் நேரம் பழகுகிறேன்.,Subject-Verb Agreement,நாங்கள் நேரம் பழகுகிறோம்.
அவன் புத்தகத்தை படிக்கிறார்கள்.,Subject-Verb Agreement,அவன் புத்தகத்தை படிக்கிறான்.
அவர்கள் விளையாட்டு விளையாடுகிறேன்.,Subject-Verb Agreement,அவர்கள் விளையாட்டு விளையாடுகிறார்கள்.
நான் வீட்டில் வேலை செய்கிறார்கள்.,Subject-Verb Agreement,நான் வீட்டில் வேலை செய்கிறேன்.
அவன் பேசுகிறேன்.,Subject-Verb Agreement,அவன் பேசுகிறான்.
நாங்கள் உணவு சாப்பிடுகிறான்.,Subject-Verb Agreement,நாங்கள் உணவு சாப்பிடுகிறோம்.
அவள் கதை சொல்லுகிறார்கள்.,Subject-Verb Agreement,அவள் கதை சொல்லுகிறாள்.
அவர்கள் நீச்சலடிக்கிறேன்.,Subject-Verb Agreement,அவர்கள் நீச்சலடிக்கிறார்கள்.
நான் பாடல்களை படிக்கிறார்கள்.,Subject-Verb Agreement,நான் பாடல்களை படிக்கிறேன்.
அவள் பாடல்கள் பாடுகிறான்.,Subject-Verb Agreement,அவள் பாடல்கள் பாடுகிறாள்.
நாங்கள் நேரம் பழகுகிறேன்.,Subject-Verb Agreement,நாங்கள் நேரம் பழகுகிறோம்.
அவன் புத்தகத்தை படிக்கிறார்கள்.,Subject-Verb Agreement,அவன் புத்தகத்தை படிக்கிறான்.
அவர்கள் விளையாட்டு விளையாடுகிறேன்.,Subject-Verb Agreement,அவர்கள் விளையாட்டு விளையாடுகிறார்கள்.
நான் வீட்டில் வேலை செய்கிறார்கள்.,Subject-Verb Agreement,நான் வீட்டில் வேலை செய்கிறேன்.
அவன் பேசுகிறேன்.,Subject-Verb Agreement,அவன் பேசுகிறான்.
நாங்கள் உணவு சாப்பிடுகிறான்.,Subject-Verb Agreement,நாங்கள் உணவு சாப்பிடுகிறோம்.
அவள் கதை சொல்லுகிறார்கள்.,Subject-Verb Agreement,அவள் கதை சொல்லுகிறாள்.
அவர்கள் நீச்சலடிக்கிறேன்.,Subject-Verb Agreement,அவர்கள் நீச்சலடிக்கிறார்கள்.
நான் பாடல்களை படிக்கிறார்கள்.,Subject-Verb Agreement,நான் பாடல்களை படிக்கிறேன்.
அவள் பாடல்கள் பாடுகிறான்.,Subject-Verb Agreement,அவள் பாடல்கள் பாடுகிறாள்.
நாங்கள் நேரம் பழகுகிறேன்.,Subject-Verb Agreement,நாங்கள் நேரம் பழகுகிறோம்.
அவன் புத்தகத்தை படிக்கிறார்கள்.,Subject-Verb Agreement,அவன் புத்தகத்தை படிக்கிறான்.
அவர்கள் விளையாட்டு விளையாடுகிறேன்.,Subject-Verb Agreement,அவர்கள் விளையாட்டு விளையாடுகிறார்கள்.
நான் வீட்டில் வேலை செய்கிறார்கள்.,Subject-Verb Agreement,நான் வீட்டில் வேலை செய்கிறேன்.
அவன் பேசுகிறேன்.,Subject-Verb Agreement,அவன் பேசுகிறான்.
நாங்கள் உணவு சாப்பிடுகிறான்.,Subject-Verb Agreement,நாங்கள் உணவு சாப்பிடுகிறோம்.
அவள் கதை சொல்லுகிறார்கள்.,Subject-Verb Agreement,அவள் கதை சொல்லுகிறாள்.
அவர்கள் நீச்சலடிக்கிறேன்.,Subject-Verb Agreement,அவர்கள் நீச்சலடிக்கிறார்கள்.
நான் பாடல்களை படிக்கிறார்கள்.,Subject-Verb Agreement,நான் பாடல்களை படிக்கிறேன்.
நான் தினமும் ஐந்து மணிக்கு எழுந்திருக்கிறேன்.,Habitual Error,நான் தினமும் ஐந்து மணிக்கு எழுந்திருப்பேன்.
நாங்கள் கால்பந்து தினமும் விளையாடுகிறோம்.,Habitual Error,நாங்கள் தினமும் கால்பந்து விளையாடுவோம்.
நீ தினமும் தேநீர் குடித்தாய்.,Habitual Error,நீ தினமும் தேநீர் குடிப்பாய்.
அவள் தினமும் பாட்டு பாடுகிறாள்.,Habitual Error,அவள் தினமும் பாட்டு பாடுவாள்.
நாம் மாலை ஒவ்வொருநாளும் சந்திக்கிறோம்.,Habitual Error,நாம் மாலை ஒவ்வொருநாளும் சந்திப்போம்.
அவன் தினமும் தேநீர் குடிக்கிறான்.,Habitual Error,அவன் தினமும் தேநீர் குடிப்பான்.
அவன் எப்போதும் புன்னகைத்தான்.,Habitual Error,அவன் எப்போதும் புன்னகைப்பான்.
அவர்கள் தினமும் பாடத்தை படிக்கிறார்கள்.,Habitual Error,அவர்கள் தினமும் பாடத்தை படிப்பார்கள்.
நான் தினமும் கால்பந்து விளையாடுகிறேன்.,Habitual Error,நான் தினமும் கால்பந்து விளையாடுவேன்.
நான் தினமும் புத்தகம் படித்தேன்.,Habitual Error,நான் தினமும் புத்தகம் படிப்பேன்.
அவன் தினமும் நடைப்பயிற்சி செய்தான்.,Habitual Error,அவன் தினமும் நடைப்பயிற்சி செய்வான்.
அவர்கள் தினமும் பரீட்சைக்கு தயாராகிறார்கள்.,Habitual Error,அவர்கள் தினமும் பரீட்சைக்கு தயாராகுவார்கள்.
நீ தினமும் உழுதாய்.,Habitual Error,நீ தினமும் உழுவாய்.
நாங்கள் தினமும் விளையாட்டுக்கு சென்றோம்.,Habitual Error,நாங்கள் தினமும் விளையாட்டுக்கு செல்வோம்.
அவள் ஒவ்வொருநாளும் புத்தகங்கள் வாங்கினாள்.,Habitual Error,அவள் ஒவ்வொருநாளும் புத்தகங்கள் வாங்குவாள்.
நாம் தினமும் பால் குடிக்கிறோம்.,Habitual Error,நாம் தினமும் பால் குடிப்போம்.
அவர்கள் தினமும் பாடசாலை சென்றார்கள்.,Habitual Error,அவர்கள் தினமும் பாடசாலை செல்வார்கள்.
நான் தினமும் என் நண்பர்களுடன் பேசினேன்.,Habitual Error,நான் தினமும் என் நண்பர்களுடன் பேசுவேன்.
அவன் எப்போதும் நேரத்திற்கு எழுந்தான்.,Habitual Error,அவன் எப்போதும் நேரத்திற்கு எழுவான்.
நீ தினமும் பாடம் எழுதினாய்.,Habitual Error,நீ தினமும் பாடம் எழுதுவாய்.
அவள் தினமும் கார் ஓட்டினாள்.,Habitual Error,அவள் தினமும் கார் ஓட்டுவாள்.
நாங்கள் ஒவ்வொருநாளும் புத்தகங்களை பகிர்ந்தோம்.,Habitual Error,நாங்கள் ஒவ்வொருநாளும் புத்தகங்களை பகிர்வோம்.
அவன் தினமும் பழங்கள் சாப்பிட்டான்.,Habitual Error,அவன் தினமும் பழங்கள் சாப்பிடுவான்.
நாம் தினமும் பாடல்களை கேட்கிறோம்.,Habitual Error,நாம் தினமும் பாடல்களை கேட்போம்.
அவர்கள் தினமும் நண்பர்களுடன் சந்திக்கிறார்கள்.,Habitual Error,அவர்கள் தினமும் நண்பர்களுடன் சந்திப்பார்கள்.
நீ தினமும் கடைக்கு சென்றாய்.,Habitual Error,நீ தினமும் கடைக்கு செல்வாய்.
அவள் தினமும் வீட்டை சுத்தம் செய்தாள்.,Habitual Error,அவள் தினமும் வீட்டை சுத்தம் செய்வாள்.
நாங்கள் தினமும் வானிலைப் பார்க்கிறோம்.,Habitual Error,நாங்கள் தினமும் வானிலைப் பார்ப்போம்.
அவன் தினமும் கண்ணாடியை சுத்தம் செய்தான்.,Habitual Error,அவன் தினமும் கண்ணாடியை சுத்தம் செய்வான்.
அவர்கள் தினமும் பாடல்களை கேட்கிறார்கள்.,Habitual Error,அவர்கள் தினமும் பாடல்களை கேட்பார்கள்.
அவள் தினமும் புத்தகங்கள் எழுதினாள்.,Habitual Error,அவள் தினமும் புத்தகங்கள் எழுதுவாள்.
நீ தினமும் பழங்களுடன் ஜூஸ் குடித்தாய்.,Habitual Error,நீ தினமும் பழங்களுடன் ஜூஸ் குடிப்பாய்.
நாங்கள் தினமும் சுற்றுலா சென்றோம்.,Habitual Error,நாங்கள் தினமும் சுற்றுலா செல்வோம்.
அவன் தினமும் விளையாட்டு பார்க்கிறான்.,Habitual Error,அவன் தினமும் விளையாட்டு பார்ப்பான்.
அவர்கள் தினமும் செடிகளுக்கு தண்ணீர் ஊற்றினார்கள்.,Habitual Error,அவர்கள் தினமும் செடிகளுக்கு தண்ணீர் ஊற்றுவார்கள்.
நான் தினமும் பள்ளிக்கூடத்தில் இரசாயனப் பரிசோதனைகள் செய்தேன்.,Habitual Error,நான் தினமும் பள்ளிக்கூடத்தில் இரசாயனப் பரிசோதனைகள் செய்வேன்.
அவள் தினமும் பள்ளியில் பாடம் நடத்தினாள்.,Habitual Error,அவள் தினமும் பள்ளியில் பாடம் நடத்துவாள்.
அவன் தினமும் உடற்பயிற்சி செய்தான்.,Habitual Error,அவன் தினமும் உடற்பயிற்சி செய்வான்.
நாங்கள் தினமும் உழவுத் தொழில் பார்த்தோம்.,Habitual Error,நாங்கள் தினமும் உழவுத் தொழில் பார்ப்போம்.
அவர்கள் தினமும் பட்டறையில் வேலை செய்தார்கள்.,Habitual Error,அவர்கள் தினமும் பட்டறையில் வேலை செய்வார்கள்.
நான் தினமும் நெடுங்கதை படித்தேன்.,Habitual Error,நான் தினமும் நெடுங்கதை படிப்பேன்.
அவள் தினமும் பறவை பார்த்தாள்.,Habitual Error,அவள் தினமும் பறவை பார்ப்பாள்.
நீ தினமும் காரில் பயணம் செய்தாய்.,Habitual Error,நீ தினமும் காரில் பயணம் செய்வாய்.
அவன் தினமும் மாலை உணவு சமைத்தான்.,Habitual Error,அவன் தினமும் மாலை உணவு சமைப்பான்.
அவர்கள் தினமும் விளையாட்டு போட்டியில் கலந்துகொண்டார்கள்.,Habitual Error,அவர்கள் தினமும் விளையாட்டு போட்டியில் கலந்துகொள்வார்கள்.
நாங்கள் தினமும் பனியில் சறுக்கினோம்.,Habitual Error,நாங்கள் தினமும் பனியில் சறுக்குவோம்.
நீ தினமும் விளையாட்டு மைதானத்தை சுத்தம் செய்தாய்.,Habitual Error,நீ தினமும் விளையாட்டு மைதானத்தை சுத்தம் செய்வாய்.
அவள் தினமும் கையெழுத்து பயிற்சி செய்தாள்.,Habitual Error,அவள் தினமும் கையெழுத்து பயிற்சி செய்வாள்.
நான் தினமும் இணையத்தில் ஆராய்ச்சி செய்தேன்.,Habitual Error,நான் தினமும் இணையத்தில் ஆராய்ச்சி செய்வேன்.
நாங்கள் தினமும் விளையாட்டில் கலந்துகொண்டோம்.,Habitual Error,நாங்கள் தினமும் விளையாட்டில் கலந்துகொள்வோம்.
அவன் தினமும் பாடம் படித்தான்.,Habitual Error,அவன் தினமும் பாடம் படிப்பான்.
நீ தினமும் பாடம் படித்தாய்.,Habitual Error,நீ தினமும் பாடம் படிப்பாய்.
அவர்கள் தினமும் பாடம் படிக்கிறார்கள்.,Habitual Error,அவர்கள் தினமும் பாடம் படிப்பார்கள்.
நான் தினமும் பாடம் படிக்கிறேன்.,Habitual Error,நான் தினமும் பாடம் படிப்பேன்.
அவள் தினமும் பாடம் படிக்கிறாள்.,Habitual Error,அவள் தினமும் பாடம் படிப்பாள்.
நாங்கள் தினமும் பாடம் படிக்கிறோம்.,Habitual Error,நாங்கள் தினமும் பாடம் படிப்போம்.
அவன் தினமும் பாடம் படிக்கிறான்.,Habitual Error,அவன் தினமும் பாடம் படிப்பான்.
மருத்துவர் தினமும் நோயாளர்களை பரிசோதித்தார்.,Habitual Error,மருத்துவர் தினமும் நோயாளர்களை பரிசோதிப்பார்.
வானவில் தினமும் மாலையில் தென்பட்டது.,Habitual Error,வானவில் தினமும் மாலையில் தென்படும்.
நகரத்தில் பேருந்து தினமும் நேரத்தில் வந்தது.,Habitual Error,நகரத்தில் பேருந்து தினமும் நேரத்தில் வரும்.
பூச்சிகள் தினமும் மலர்களில் தேன் சேகரித்தன.,Habitual Error,பூச்சிகள் தினமும் மலர்களில் தேன் சேகரிக்கும்.
மாடுகள் தினமும் புல் மேய்ந்தன.,Habitual Error,மாடுகள் தினமும் புல் மேயும்.
மாணவர்கள் ஒவ்வொரு நாளும் பாடசாலைக்கு சென்றார்கள்.,Habitual Error,மாணவர்கள் ஒவ்வொரு நாளும் பாடசாலைக்கு செல்வார்கள்.
பெரியவர்கள் தினமும் குழந்தைகளுக்கு கதை கூறினார்கள்.,Habitual Error,பெரியவர்கள் தினமும் குழந்தைகளுக்கு கதை கூறுவார்கள்.
குருவிகள் தினமும் பாடின.,Habitual Error,குருவிகள் தினமும் பாடும்.
கடற்கரை மணல் தினமும் வெயிலில் சூடானது.,Habitual Error,கடற்கரை மணல் தினமும் வெயிலில் சுடும்.
ஆற்றில் தண்ணீர் தினமும் பாய்ந்தது.,Habitual Error,ஆற்றில் தண்ணீர் தினமும் பாயும்.
கணிணி தினமும் மென்பொருள் புதுப்பித்தது.,Habitual Error,கணிணி தினமும் மென்பொருள் புதுப்பிக்கும்.
வகுப்பறை மணியடிகை ஒவ்வொரு மணித்தியாலமும் ஒலித்தது.,Habitual Error,வகுப்பறை மணியடிகை ஒவ்வொரு மணித்தியாலமும் ஒலிக்கும்.
மரங்கள் தினமும் பசுமை விரித்தன.,Habitual Error,மரங்கள் தினமும் பசுமை விரிக்கும்.
நிகழ்ச்சியின் நேரம் ஒவ்வொரு நாளும் மாற்றப்பட்டது.,Habitual Error,நிகழ்ச்சியின் நேரம் ஒவ்வொரு நாளும் மாற்றப்படும்.
வானிலை மையம் தினமும் தகவல்கள் வெளியிட்டது.,Habitual Error,வானிலை மையம் தினமும் தகவல்கள் வெளியிடும்.
மனிதர்கள் தினமும் புதிய கண்டுபிடிப்புகளை செய்தனர்.,Habitual Error,மனிதர்கள் தினமும் புதிய கண்டுபிடிப்புகளை செய்வார்கள்.
பள்ளி ஓசைகள் தினமும் குழந்தைகளை அழைத்தன.,Habitual Error,பள்ளி ஓசைகள் தினமும் குழந்தைகளை அழைக்கும்.
மழைமுகில் ஒவ்வொரு முறையும் வெளிச்சம் தந்தது.,Habitual Error,மழைமுகில் ஒவ்வொரு முறையும் வெளிச்சம் தரும்.
நாடகம் ஒவ்வொரு முறையும் பார்வையாளர்களை கவர்ந்தது.,Habitual Error,நாடகம் ஒவ்வொரு முறையும் பார்வையாளர்களை கவரும்.
படகு தினமும் கடலில் பயணித்தது.,Habitual Error,படகு தினமும் கடலில் பயணிக்கும்.
நத்தார் தினமும் குரல் எழுப்பினான்.,Habitual Error,நத்தார் தினமும் குரல் எழுப்புவான்.
பூங்கா ஒவ்வொரு நாளும் சுற்றுப்பயணிகளை பெற்றது.,Habitual Error,பூங்கா ஒவ்வொரு நாளும் சுற்றுப்பயணிகளை பெறும்.
நகராட்சி ஒவ்வொரு மாதமும் புதிய திட்டங்களை அறிவித்தது.,Habitual Error,நகராட்சி ஒவ்வொரு மாதமும் புதிய திட்டங்களை அறிவிக்கும்.
படித்தறை ஒவ்வொரு நாளும் புதிய புத்தகங்களை பெற்றது.,Habitual Error,படித்தறை ஒவ்வொரு நாளும் புதிய புத்தகங்களை பெறும்.
படகு ஒவ்வொரு நாளும் தண்ணீரில் புறப்பட்டது.,Habitual Error,படகு ஒவ்வொரு நாளும் தண்ணீரில் புறப்படும்.
கிழக்கு காற்று ஒவ்வொரு காலையும் அடிக்கடி வீசியது.,Habitual Error,கிழக்கு காற்று ஒவ்வொரு காலையும் அடிக்கடி வீசும்.
சிறிய மீன்கள் தினமும் பெரிய மீன்களை உண்கின்றன.,Habitual Error,சிறிய மீன்கள் தினமும் பெரிய மீன்களை உண்ணும்.
சிறு கிராமங்கள் ஒவ்வொரு மாதமும் புதிய வழிமுறைகளை துவங்கினான்.,Habitual Error,சிறு கிராமங்கள் ஒவ்வொரு மாதமும் புதிய வழிமுறைகளை துவங்கும்.
நான் பொதுவாக ஏழு மணிக்கு எழுந்தேன்.,Habitual Error,நான் பொதுவாக ஏழு மணிக்கு எழுவேன்.
அவர் எப்பொழும் இரவில் தொலைக்காட்சி பார்க்கின்றார்.,Habitual Error,அவர் எப்பொழும் இரவில் தொலைக்காட்சி பார்ப்பார்.
அந்த பையன்கள் தினமும் டென்னிஸ் விளையாடினார்கள்.,Habitual Error,அந்த பையன்கள் தினமும் டென்னிஸ் விளையாடுவார்கள்.
நாம் எப்பொழும் பாடசாலைக்கு நடந்து சென்றோம்.,Habitual Error,நாம் எப்பொழும் பாடசாலைக்கு நடந்து செல்வோம்.
அவர்கள் பொதுவாக வெள்ளி கிழமைகளில் பிரியானி செய்தார்கள்.,Habitual Error,அவர்கள் பொதுவாக வெள்ளி கிழமைகளில் பிரியானி செய்வார்கள்.
அவர்கள் ஒவ்வொரு நாளும் பாடசாலைக்கு சென்றார்கள்.,Habitual Error,அவர்கள் ஒவ்வொரு நாளும் பாடசாலைக்கு செல்வார்கள்.
அவர் ஒவ்வொரு நாளும் காலை 6 மணிக்கு எழுப்பினார்.,Habitual Error,அவர் ஒவ்வொரு நாளும் காலை 6 மணிக்கு எழுப்புவார்.
நாம் செவ்வாய்க்கிழமை இரவு பானம் பருகுகிறோம்.,Habitual Error,நாம் செவ்வாய்க்கிழமை இரவு பானம் பருகுவோம்.
அவள் அதிக நேரம் நூல்கள் படிக்கிறாள்.,Habitual Error,அவள் அதிக நேரம் நூல்கள் படிப்பாள்.
அவர்கள் வாரந்தோறும் சினிமா பார்க்கின்றனர்.,Habitual Error,அவர்கள் வாரந்தோறும் சினிமா பார்ப்பார்கள்.
நான் புதன்கிழமை சாப்பாடு தயாரிக்கிறேன்.,Habitual Error,நான் புதன்கிழமை சாப்பாடு தயாரிப்பேன்.
நீங்கள் பொதுவாக காலை பயிற்சி செய்தீர்கள்.,Habitual Error,நீங்கள் பொதுவாக காலை பயிற்சி செய்வீர்கள்.
என்றும் என் பக்கம் வந்து சிரிக்கின்றார்.,Habitual Error,என்றும் என் பக்கம் வந்து சிரிப்பார்.
அவர் ஒவ்வொரு நாளும் காலை பயிற்சி செய்து வருகிறார்.,Habitual Error,அவர் ஒவ்வொரு நாளும் காலை பயிற்சி செய்து வந்தார்.
நீங்கள் அரங்கில் படிக்கிறீர்கள்., No Error, நீங்கள் அரங்கில் படிக்கிறீர்கள்.
அவன் பூங்காவில் பாடுகிறார்., No Error, அவன் பூங்காவில் பாடுகிறார்.
நீங்கள் வீட்டில் எழுதுகிறீர்கள்., No Error, நீங்கள் வீட்டில் எழுதுகிறீர்கள்.
அவள் நகரத்தில் கடந்து போகிறாள்., No Error, அவள் நகரத்தில் கடந்து போகிறாள்.
நாங்கள் நகரத்தில் படிக்கிறோம்., No Error, நாங்கள் நகரத்தில் படிக்கிறோம்.
நான் வீட்டில் படிக்கிறேன்., No Error, நான் வீட்டில் படிக்கிறேன்.
அவன் நகரத்தில் பாடுகிறார்., No Error, அவன் நகரத்தில் பாடுகிறார்.
அவன் பூங்காவில் செல்கிறான்., No Error, அவன் பூங்காவில் செல்கிறான்.
நீங்கள் அரங்கில் எழுதுகிறீர்கள்., No Error, நீங்கள் அரங்கில் எழுதுகிறீர்கள்.
நான் பூங்காவில் பாடுகிறேன்., No Error, நான் பூங்காவில் பாடுகிறேன்.
நாங்கள் பள்ளியில் கடந்து போகிறோம்., No Error, நாங்கள் பள்ளியில் கடந்து போகிறோம்.
நாங்கள் அரங்கில் படிக்கிறோம்., No Error, நாங்கள் அரங்கில் படிக்கிறோம்.
அவர்கள் நகரத்தில் செல்கிறார்கள்., No Error, அவர்கள் நகரத்தில் செல்கிறார்கள்.
அவர்கள் நகரத்தில் பாடுகிறார்கள்., No Error, அவர்கள் நகரத்தில் பாடுகிறார்கள்.
அவர்கள் பள்ளியில் படிக்கிறார்கள்., No Error, அவர்கள் பள்ளியில் படிக்கிறார்கள்.
அவள் பள்ளியில் படிக்கிறாள்., No Error, அவள் பள்ளியில் படிக்கிறாள்.
நான் அரங்கில் கடந்து போகிறேன்., No Error, நான் அரங்கில் கடந்து போகிறேன்.
அவள் வீட்டில் வந்தாள்., No Error, அவள் வீட்டில் வந்தாள்.
அவன் வீட்டில் கடந்து போகிறான்., No Error, அவன் வீட்டில் கடந்து போகிறான்.
நான் பள்ளியில் செல்கிறேன்., No Error, நான் பள்ளியில் செல்கிறேன்.
அவர்கள் வீட்டில் படிக்கிறார்கள்., No Error, அவர்கள் வீட்டில் படிக்கிறார்கள்.
நான் பூங்காவில் கடந்து போகிறேன்., No Error, நான் பூங்காவில் கடந்து போகிறேன்.
நீங்கள் அரங்கில் வந்தீர்கள்., No Error, நீங்கள் அரங்கில் வந்தீர்கள்.
நான் அரங்கில் வந்தேன்., No Error, நான் அரங்கில் வந்தேன்.
அவர்கள் கேட்ஜில் எழுதுகிறார்கள்., No Error, அவர்கள் கேட்ஜில் எழுதுகிறார்கள்.
நாங்கள் வீட்டில் செல்கிறோம்., No Error, நாங்கள் வீட்டில் செல்கிறோம்.
அவர்கள் பூங்காவில் வந்தார்கள்., No Error, அவர்கள் பூங்காவில் வந்தார்கள்.
அவள் பூங்காவில் எழுதுகிறாள்., No Error, அவள் பூங்காவில் எழுதுகிறாள்.
அவள் கேட்ஜில் செல்கிறாள்., No Error, அவள் கேட்ஜில் செல்கிறாள்.
நீங்கள் கேட்ஜில் வந்தீர்கள்., No Error, நீங்கள் கேட்ஜில் வந்தீர்கள்.
அவர்கள் அரங்கில் பாடுகிறார்கள்., No Error, அவர்கள் அரங்கில் பாடுகிறார்கள்.
நீங்கள் பள்ளியில் எழுதுகிறீர்கள்., No Error, நீங்கள் பள்ளியில் எழுதுகிறீர்கள்.
நீங்கள் வீட்டில் வந்தீர்கள்., No Error, நீங்கள் வீட்டில் வந்தீர்கள்.
அவள் நகரத்தில் செல்கிறாள்., No Error, அவள் நகரத்தில் செல்கிறாள்.
நாங்கள் பூங்காவில் செல்கிறோம்., No Error, நாங்கள் பூங்காவில் செல்கிறோம்.
நான் கேட்ஜில் படிக்கிறேன்., No Error, நான் கேட்ஜில் படிக்கிறேன்.
அவர்கள் கேட்ஜில் செல்கிறார்கள்., No Error, அவர்கள் கேட்ஜில் செல்கிறார்கள்.
அவர்கள் அரங்கில் வந்தார்கள்., No Error, அவர்கள் அரங்கில் வந்தார்கள்.
அவன் அரங்கில் வந்தான்., No Error, அவன் அரங்கில் வந்தான்.
நாங்கள் பள்ளியில் எழுதுகிறோம்., No Error, நாங்கள் பள்ளியில் எழுதுகிறோம்.
நீங்கள் கேட்ஜில் கடந்து போகிறீர்கள்., No Error, நீங்கள் கேட்ஜில் கடந்து போகிறீர்கள்.
அவர்கள் அரங்கில் செல்கிறார்கள்., No Error, அவர்கள் அரங்கில் செல்கிறார்கள்.
நாங்கள் நகரத்தில் படிக்கிறோம்., No Error, நாங்கள் நகரத்தில் படிக்கிறோம்.
அவர்கள் பூங்காவில் கடந்து போகிறார்கள்., No Error, அவர்கள் பூங்காவில் கடந்து போகிறார்கள்.
நான் நகரத்தில் படிக்கிறேன்., No Error, நான் நகரத்தில் படிக்கிறேன்.
நாங்கள் பூங்காவில் படிக்கிறோம்., No Error, நாங்கள் பூங்காவில் படிக்கிறோம்.
அவள் நகரத்தில் படிக்கிறாள்., No Error, அவள் நகரத்தில் படிக்கிறாள்.
நாங்கள் பள்ளியில் பாடுகிறோம்., No Error, நாங்கள் பள்ளியில் பாடுகிறோம்.
நீங்கள் பள்ளியில் எழுதுகிறீர்கள்., No Error, நீங்கள் பள்ளியில் எழுதுகிறீர்கள்.
நான் வீட்டில் எழுதுகிறேன்., No Error, நான் வீட்டில் எழுதுகிறேன்.
நான் நகரத்தில் கடந்து போகிறேன்., No Error, நான் நகரத்தில் கடந்து போகிறேன்.
நீங்கள் பூங்காவில் வந்தீர்கள்., No Error, நீங்கள் பூங்காவில் வந்தீர்கள்.
நான் அரங்கில் பாடுகிறேன்., No Error, நான் அரங்கில் பாடுகிறேன்.
நாங்கள் வீட்டில் பாடுகிறோம்., No Error, நாங்கள் வீட்டில் பாடுகிறோம்.
நீங்கள் பூங்காவில் வந்தீர்கள்., No Error, நீங்கள் பூங்காவில் வந்தீர்கள்.
நான் அரங்கில் வந்தேன்., No Error, நான் அரங்கில் வந்தேன்.
அவன் பள்ளியில் எழுதுகிறான்., No Error, அவன் பள்ளியில் எழுதுகிறான்.
அவர்கள் நகரத்தில் பாடுகிறார்கள்., No Error, அவர்கள் நகரத்தில் பாடுகிறார்கள்.
நான் வீட்டில் கடந்து போகிறேன்., No Error, நான் வீட்டில் கடந்து போகிறேன்.
அவள் பூங்காவில் எழுதுகிறாள்., No Error, அவள் பூங்காவில் எழுதுகிறாள்.
அவள் நகரத்தில் செல்கிறாள்., No Error, அவள் நகரத்தில் செல்கிறாள்.
அவள் நகரத்தில் பாடுகிறாள்., No Error, அவள் நகரத்தில் பாடுகிறாள்.
அவள் அரங்கில் படிக்கிறாள்., No Error, அவள் அரங்கில் படிக்கிறாள்.
நான் கேட்ஜில் படிக்கிறேன்., No Error, நான் கேட்ஜில் படிக்கிறேன்.
நாங்கள் வீட்டில் வந்தோம்., No Error, நாங்கள் வீட்டில் வந்தோம்.
அவர்கள் நகரத்தில் படிக்கிறார்கள்., No Error, அவர்கள் நகரத்தில் படிக்கிறார்கள்.
நீங்கள் பூங்காவில் பாடுகிறீர்கள்., No Error, நீங்கள் பூங்காவில் பாடுகிறீர்கள்.
அவள் அரங்கில் பாடுகிறாள்., No Error, அவள் அரங்கில் பாடுகிறாள்.
நான் நகரத்தில் வந்தேன்., No Error, நான் நகரத்தில் வந்தேன்.
அவர்கள் வீட்டில் படிக்கிறார்கள்., No Error, அவர்கள் வீட்டில் படிக்கிறார்கள்.
அவன் கேட்ஜில் செல்கிறான்., No Error, அவன் கேட்ஜில் செல்கிறான்.
அவள் அரங்கில் கடந்து போகிறாள்., No Error, அவள் அரங்கில் கடந்து போகிறாள்.
அவன் வீட்டில் கடந்து போகிறான்., No Error, அவன் வீட்டில் கடந்து போகிறான்.
அவர்கள் நகரத்தில் எழுதுகிறார்கள்., No Error, அவர்கள் நகரத்தில் எழுதுகிறார்கள்.
நான் கேட்ஜில் படிக்கிறேன்., No Error, நான் கேட்ஜில் படிக்கிறேன்.
அவன் பள்ளியில் செல்கிறான்., No Error, அவன் பள்ளியில் செல்கிறான்.
அவள் கேட்ஜில் படிக்கிறாள்., No Error, அவள் கேட்ஜில் படிக்கிறாள்.
அவன் அரங்கில் பாடுகிறான்., No Error, அவன் அரங்கில் பாடுகிறான்.
நீங்கள் நகரத்தில் எழுதுகிறீர்கள்., No Error, நீங்கள் நகரத்தில் எழுதுகிறீர்கள்.
அவள் வீட்டில் எழுதுகிறாள்., No Error, அவள் வீட்டில் எழுதுகிறாள்.
நான் கேட்ஜில் எழுதுகிறேன்., No Error, நான் கேட்ஜில் எழுதுகிறேன்.
நான் கேட்ஜில் கடந்து போகிறேன்., No Error, நான் கேட்ஜில் கடந்து போகிறேன்.
அவள் பள்ளியில் கடந்து போகிறாள்., No Error, அவள் பள்ளியில் கடந்து போகிறாள்.
அவர்கள் கேட்ஜில் பாடுகிறார்கள்., No Error, அவர்கள் கேட்ஜில் பாடுகிறார்கள்.
அவர்கள் அரங்கில் எழுதுகிறார்கள்., No Error, அவர்கள் அரங்கில் எழுதுகிறார்கள்.
அவன் பள்ளியில் படிக்கிறான்., No Error, அவன் பள்ளியில் படிக்கிறான்.
நான் வீட்டில் எழுதுகிறேன்., No Error, நான் வீட்டில் எழுதுகிறேன்.
நாங்கள் அரங்கில் கடந்து போகிறோம்., No Error, நாங்கள் அரங்கில் கடந்து போகிறோம்.
நான் பள்ளியில் செல்கிறேன்., No Error, நான் பள்ளியில் செல்கிறேன்.
நாங்கள் நகரத்தில் செல்கிறோம்., No Error, நாங்கள் நகரத்தில் செல்கிறோம்.
நாங்கள் கேட்ஜில் பாடுகிறோம்., No Error, நாங்கள் கேட்ஜில் பாடுகிறோம்.
அவள் அரங்கில் படிக்கிறாள்., No Error, அவள் அரங்கில் படிக்கிறாள்.
அவன் கேட்ஜில் கடந்து போகிறான்., No Error, அவன் கேட்ஜில் கடந்து போகிறான்.
அவர்கள் பள்ளியில் செல்கிறார்கள்., No Error, அவர்கள் பள்ளியில் செல்கிறார்கள்.
நான் கேட்ஜில் படிக்கிறேன்., No Error, நான் கேட்ஜில் படிக்கிறேன்.
நாங்கள் நகரத்தில் எழுதுகிறோம்., No Error, நாங்கள் நகரத்தில் எழுதுகிறோம்.
அவர்கள் நகரத்தில் பாடுகிறார்கள்., No Error, அவர்கள் நகரத்தில் பாடுகிறார்கள்.
நீங்கள் நகரத்தில் செல்கிறீர்கள்., No Error, நீங்கள் நகரத்தில் செல்கிறீர்கள்.
அவள் கேட்ஜில் படிக்கிறாள்., No Error, அவள் கேட்ஜில் படிக்கிறாள்.
நான் அரங்கில் செல்கிறேன்., No Error, நான் அரங்கில் செல்கிறேன்.
அவள் நகரத்தில் வந்தாள்., No Error, அவள் நகரத்தில் வந்தாள்.
அவர்கள் வீட்டில் எழுதுகிறார்கள்., No Error, அவர்கள் வீட்டில் எழுதுகிறார்கள்.
நாங்கள் வீட்டில் கடந்து போகிறோம்., No Error, நாங்கள் வீட்டில் கடந்து போகிறோம்.
நீங்கள் பள்ளியில் பாடுகிறீர்கள்., No Error, நீங்கள் பள்ளியில் பாடுகிறீர்கள்.
அவர்கள் அரங்கில் கடந்து போகிறார்கள்., No Error, அவர்கள் அரங்கில் கடந்து போகிறார்கள்.
அவன் கேட்ஜில் செல்கிறான்., No Error, அவன் கேட்ஜில் செல்கிறான்.
நாங்கள் பூங்காவில் கடந்து போகிறோம்., No Error, நாங்கள் பூங்காவில் கடந்து போகிறோம்.
அவர்கள் வீட்டில் செல்கிறார்கள்., No Error, அவர்கள் வீட்டில் செல்கிறார்கள்.
அவள் அரங்கில் வந்தாள்., No Error, அவள் அரங்கில் வந்தாள்.
நீங்கள் வீட்டில் பாடுகிறீர்கள்., No Error, நீங்கள் வீட்டில் பாடுகிறீர்கள்.
நான் வீட்டில் எழுதுகிறேன்., No Error, நான் வீட்டில் எழுதுகிறேன்.
அவர்கள் அரங்கில் கடந்து போகிறார்கள்., No Error, அவர்கள் அரங்கில் கடந்து போகிறார்கள்.
நான் அரங்கில் கடந்து போகிறேன்., No Error, நான் அரங்கில் கடந்து போகிறேன்.
அவன் நகரத்தில் கடந்து போகிறான்., No Error, அவன் நகரத்தில் கடந்து போகிறான்.
நீங்கள் வீட்டில் வந்தீர்கள்., No Error, நீங்கள் வீட்டில் வந்தீர்கள்.
நீங்கள் பூங்காவில் வந்தீர்கள்., No Error, நீங்கள் பூங்காவில் வந்தீர்கள்.
அவன் பள்ளியில் கடந்து போகிறான்., No Error, அவன் பள்ளியில் கடந்து போகிறான்.
அவன் நகரத்தில் கடந்து போகிறான்., No Error, அவன் நகரத்தில் கடந்து போகிறான்.
அவள் கேட்ஜில் எழுதுகிறாள்., No Error, அவள் கேட்ஜில் எழுதுகிறாள்.
அவர்கள் நகரத்தில் பாடுகிறார்கள்., No Error, அவர்கள் நகரத்தில் பாடுகிறார்கள்.
அவன் வீட்டில் கடந்து போகிறான்., No Error, அவன் வீட்டில் கடந்து போகிறான்.
அவன் பள்ளியில் கடந்து போகிறான்., No Error, அவன் பள்ளியில் கடந்து போகிறான்.
அவன் நகரத்தில் பாடுகிறான்., No Error, அவன் நகரத்தில் பாடுகிறான்.
அவர்கள் பள்ளியில் செல்கிறார்கள்., No Error, அவர்கள் பள்ளியில் செல்கிறார்கள்.
அவன் அரங்கில் எழுதுகிறான்., No Error, அவன் அரங்கில் எழுதுகிறான்.
அவள் கேட்ஜில் வந்தாள்., No Error, அவள் கேட்ஜில் வந்தாள்.
நீங்கள் வீட்டில் வந்தீர்கள்., No Error, நீங்கள் வீட்டில் வந்தீர்கள்.
நீங்கள் வீட்டில் எழுதுகிறீர்கள்., No Error, நீங்கள் வீட்டில் எழுதுகிறீர்கள்.
அவர்கள் வீட்டில் வந்தார்கள்., No Error, அவர்கள் வீட்டில் வந்தார்கள்.
அவன் கேட்ஜில் எழுதுகிறான்., No Error, அவன் கேட்ஜில் எழுதுகிறான்.
அவன் நகரத்தில் வந்தான்., No Error, அவன் நகரத்தில் வந்தான்.
நீங்கள் நகரத்தில் செல்கிறீர்கள்., No Error, நீங்கள் நகரத்தில் செல்கிறீர்கள்.
நீங்கள் பள்ளியில் பாடுகிறீர்கள்., No Error, நீங்கள் பள்ளியில் பாடுகிறீர்கள்.
நாங்கள் அரங்கில் படிக்கிறோம்., No Error, நாங்கள் அரங்கில் படிக்கிறோம்.
அவர்கள் அரங்கில் கடந்து போகிறார்கள்., No Error, அவர்கள் அரங்கில் கடந்து போகிறார்கள்.
அவள் பள்ளியில் படிக்கிறாள்., No Error, அவள் பள்ளியில் படிக்கிறாள்.
நான் பள்ளியில் செல்கிறேன்., No Error, நான் பள்ளியில் செல்கிறேன்.
அவர்கள் பள்ளியில் பாடுகிறார்கள்., No Error, அவர்கள் பள்ளியில் பாடுகிறார்கள்.
நான் நகரத்தில் கடந்து போகிறேன்., No Error, நான் நகரத்தில் கடந்து போகிறேன்.
அவர்கள் அரங்கில் கடந்து போகிறார்கள்., No Error, அவர்கள் அரங்கில் கடந்து போகிறார்கள்.
நாங்கள் கேட்ஜில் வந்தோம்., No Error, நாங்கள் கேட்ஜில் வந்தோம்.
அவன் வீட்டில் வந்தான்., No Error, அவன் வீட்டில் வந்தான்.
அவன் பூங்காவில் கடந்து போகிறான்., No Error, அவன் பூங்காவில் கடந்து போகிறான்.
அவர்கள் அரங்கில் செல்கிறார்கள்., No Error, அவர்கள் அரங்கில் செல்கிறார்கள்.
நீங்கள் நகரத்தில் படிக்கிறீர்கள்., No Error, நீங்கள் நகரத்தில் படிக்கிறீர்கள்.
அவர்கள் வீட்டில் கடந்து போகிறார்கள்., No Error, அவர்கள் வீட்டில் கடந்து போகிறார்கள்.
நான் பள்ளியில் பாடுகிறேன்., No Error, நான் பள்ளியில் பாடுகிறேன்.
நீங்கள் நகரத்தில் செல்கிறீர்கள்., No Error, நீங்கள் நகரத்தில் செல்கிறீர்கள்.
அவன் வீட்டில் கடந்து போகிறான்., No Error, அவன் வீட்டில் கடந்து போகிறான்.
அவன் பள்ளியில் பாடுகிறான்., No Error, அவன் பள்ளியில் பாடுகிறான்.
நான் பூங்காவில் படிக்கிறேன்., No Error, நான் பூங்காவில் படிக்கிறேன்.
அவர்கள் அரங்கில் பாடுகிறார்கள்., No Error, அவர்கள் அரங்கில் பாடுகிறார்கள்.
அவள் நகரத்தில் படிக்கிறாள்., No Error, அவள் நகரத்தில் படிக்கிறாள்.
நாங்கள் அரங்கில் செல்கிறோம்., No Error, நாங்கள் அரங்கில் செல்கிறோம்.
நீங்கள் பள்ளியில் வந்தீர்கள்., No Error, நீங்கள் பள்ளியில் வந்தீர்கள்.
அவன் வீட்டில் செல்கிறான்., No Error, அவன் வீட்டில் செல்கிறான்.
அவள் பூங்காவில் வந்தாள்., No Error, அவள் பூங்காவில் வந்தாள்.
அவன் பூங்காவில் செல்கிறான்., No Error, அவன் பூங்காவில் செல்கிறான்.
அவன் அரங்கில் செல்கிறான்., No Error, அவன் அரங்கில் செல்கிறான்.
நீங்கள் கேட்ஜில் பாடுகிறீர்கள்., No Error, நீங்கள் கேட்ஜில் பாடுகிறீர்கள்.
நீங்கள் அரங்கில் பாடுகிறீர்கள்., No Error, நீங்கள் அரங்கில் பாடுகிறீர்கள்.
அவள் அரங்கில் கடந்து போகிறாள்., No Error, அவள் அரங்கில் கடந்து போகிறாள்.
அவன் பூங்காவில் செல்கிறான்., No Error, அவன் பூங்காவில் செல்கிறான்.
நான் நகரத்தில் கடந்து போகிறேன்., No Error, நான் நகரத்தில் கடந்து போகிறேன்.
நான் அரங்கில் படிக்கிறேன்., No Error, நான் அரங்கில் படிக்கிறேன்.
நான் கேட்ஜில் எழுதுகிறேன்., No Error, நான் கேட்ஜில் எழுதுகிறேன்.
அவள் பள்ளியில் கடந்து போகிறாள்., No Error, அவள் பள்ளியில் கடந்து போகிறாள்.
அவன் நகரத்தில் படிக்கிறான்., No Error, அவன் நகரத்தில் படிக்கிறான்.
அவள் அரங்கில் எழுதுகிறாள்., No Error, அவள் அரங்கில் எழுதுகிறாள்.
அவர்கள் வீட்டில் பாடுகிறார்கள்., No Error, அவர்கள் வீட்டில் பாடுகிறார்கள்.
நாங்கள் நகரத்தில் கடந்து போகிறோம்., No Error, நாங்கள் நகரத்தில் கடந்து போகிறோம்.
அவன் வீட்டில் வந்தான்., No Error, அவன் வீட்டில் வந்தான்.
நாங்கள் அரங்கில் எழுதுகிறோம்., No Error, நாங்கள் அரங்கில் எழுதுகிறோம்.
நாங்கள் நகரத்தில் படிக்கிறோம்., No Error, நாங்கள் நகரத்தில் படிக்கிறோம்.
நான் நகரத்தில் படிக்கிறேன்., No Error, நான் நகரத்தில் படிக்கிறேன்.
நாங்கள் வீட்டில் கடந்து போகிறோம்., No Error, நாங்கள் வீட்டில் கடந்து போகிறோம்.
நான் அரங்கில் செல்கிறேன்., No Error, நான் அரங்கில் செல்கிறேன்.
அவர்கள் பள்ளியில் எழுதுகிறார்கள்., No Error, அவர்கள் பள்ளியில் எழுதுகிறார்கள்.
அவர்கள் பள்ளியில் செல்கிறார்கள்., No Error, அவர்கள் பள்ளியில் செல்கிறார்கள்.
நாங்கள் அரங்கில் வந்தோம்., No Error, நாங்கள் அரங்கில் வந்தோம்.
நான் பூங்காவில் கடந்து போகிறேன்., No Error, நான் பூங்காவில் கடந்து போகிறேன்.
நீங்கள் பூங்காவில் எழுதுகிறீர்கள்., No Error, நீங்கள் பூங்காவில் எழுதுகிறீர்கள்.
அவன் அரங்கில் செல்கிறான்., No Error, அவன் அரங்கில் செல்கிறான்.
நான் அரங்கில் வந்தேன்., No Error, நான் அரங்கில் வந்தேன்.
அவன் நகரத்தில் எழுதுகிறான்., No Error, அவன் நகரத்தில் எழுதுகிறான்.
அவர்கள் அரங்கில் படிக்கிறார்கள்., No Error, அவர்கள் அரங்கில் படிக்கிறார்கள்.
அவன் பூங்காவில் படிக்கிறான்., No Error, அவன் பூங்காவில் படிக்கிறான்.
அவன் பூங்காவில் வந்தான்., No Error, அவன் பூங்காவில் வந்தான்.
அவள் பூங்காவில் கடந்து போகிறாள்., No Error, அவள் பூங்காவில் கடந்து போகிறாள்.
அவள் கேட்ஜில் செல்கிறாள்., No Error, அவள் கேட்ஜில் செல்கிறாள்.
நீங்கள் கேட்ஜில் கடந்து போகிறீர்கள்., No Error, நீங்கள் கேட்ஜில் கடந்து போகிறீர்கள்.
அவன் பள்ளியில் செல்கிறான்., No Error, அவன் பள்ளியில் செல்கிறான்.
நீங்கள் பள்ளியில் எழுதுகிறீர்கள்., No Error, நீங்கள் பள்ளியில் எழுதுகிறீர்கள்.
அவர்கள் அரங்கில் பாடுகிறார்கள்., No Error, அவர்கள் அரங்கில் பாடுகிறார்கள்.
அவள் நகரத்தில் படிக்கிறாள்., No Error, அவள் நகரத்தில் படிக்கிறாள்.
அவள் பூங்காவில் எழுதுகிறாள்., No Error, அவள் பூங்காவில் எழுதுகிறாள்.
நான் பூங்காவில் வந்தேன்., No Error, நான் பூங்காவில் வந்தேன்.
அவன் பள்ளியில் எழுதுகிறான்., No Error, அவன் பள்ளியில் எழுதுகிறான்.
அவர்கள் நகரத்தில் செல்கிறார்கள்., No Error, அவர்கள் நகரத்தில் செல்கிறார்கள்.
நான் பள்ளியில் எழுதுகிறேன்., No Error, நான் பள்ளியில் எழுதுகிறேன்.
அவன் தினமும் பூங்காவில் நடைபயிற்சி செய்கிறான்., No Error, அவன் தினமும் பூங்காவில் நடைபயிற்சி செய்கிறான்.
நாங்கள் பள்ளியில் வினாடி வினா போட்டியில் கலந்து கொள்கிறோம்., No Error, நாங்கள் பள்ளியில் வினாடி வினா போட்டியில் கலந்து கொள்கிறோம்.
நீங்கள் கடற்கரையில் புத்தகத்தை வாசிக்கிறீர்கள்., No Error, நீங்கள் கடற்கரையில் புத்தகத்தை வாசிக்கிறீர்கள்.
அவள் தோட்டத்தில் செடிகளை நீர்ப்பாய்ச்சி செய்கிறாள்., No Error, அவள் தோட்டத்தில் செடிகளை நீர்ப்பாய்ச்சி செய்கிறாள்.
நான் சூரிய உதயத்தை பார்க்கக் காத்திருக்கிறேன்., No Error, நான் சூரிய உதயத்தை பார்க்கக் காத்திருக்கிறேன்.
அவர்கள் ஆராய்ச்சி மையத்தில் புதிய திட்டத்தில் பணியாற்றுகிறார்கள்., No Error, அவர்கள் ஆராய்ச்சி மையத்தில் புதிய திட்டத்தில் பணியாற்றுகிறார்கள்.
அவன் பழங்கள் வாங்க காய்கறி சந்தைக்கு செல்கிறான்., No Error, அவன் பழங்கள் வாங்க காய்கறி சந்தைக்கு செல்கிறான்.
நாங்கள் புனேவுக்கு சுற்றுலாவுக்கு பஸ்சில் பயணம் செய்கிறோம்., No Error, நாங்கள் புனேவுக்கு சுற்றுலாவுக்கு பஸ்சில் பயணம் செய்கிறோம்.
நீங்கள் கணினியில் சிக்கலான நிரல்களை எழுத்துசெய்கிறீர்கள்., No Error, நீங்கள் கணினியில் சிக்கலான நிரல்களை எழுத்துசெய்கிறீர்கள்.
நான் வீட்டின் அருகே கடை ஒன்றில் வேலை செய்கிறேன்., No Error, நான் வீட்டின் அருகே கடை ஒன்றில் வேலை செய்கிறேன்.
அவள் கரோக்கி பாடும் போட்டியில் கலந்து கொள்கிறாள்., No Error, அவள் கரோக்கி பாடும் போட்டியில் கலந்து கொள்கிறாள்.
நீங்கள் காய்கறிகளை வெட்டுவது சுலபமாக செய்கிறீர்கள்., No Error, நீங்கள் காய்கறிகளை வெட்டுவது சுலபமாக செய்கிறீர்கள்.
நாங்கள் புத்தகக் கண்காட்சியில் புதிய புத்தகங்களை வாங்கினோம்., No Error, நாங்கள் புத்தகக் கண்காட்சியில் புதிய புத்தகங்களை வாங்கினோம்.
அவன் தினமும் ரேடியோவில் செய்திகள் கேட்கிறான்., No Error, அவன் தினமும் ரேடியோவில் செய்திகள் கேட்கிறான்.
நான் விடுமுறையில் நண்பர்களுடன் சமையல் போட்டியில் கலந்து கொள்கிறேன்., No Error, நான் விடுமுறையில் நண்பர்களுடன் சமையல் போட்டியில் கலந்து கொள்கிறேன்.
நீங்கள் புதிய மென்பொருளை நிறுவுகிறீர்கள்., No Error, நீங்கள் புதிய மென்பொருளை நிறுவுகிறீர்கள்.
அவள் பள்ளியில் புதிய பாடங்களை விரும்புகிறாள்., No Error, அவள் பள்ளியில் புதிய பாடங்களை விரும்புகிறாள்.
அவர்கள் ஸ்டேடியத்தில் கிரிக்கெட் ஆடுகிறார்கள்., No Error, அவர்கள் ஸ்டேடியத்தில் கிரிக்கெட் ஆடுகிறார்கள்.
நாங்கள் பொதுக்கூட்டத்தில் கருத்துக்களை பரிமாறிக்கொள்கிறோம்., No Error, நாங்கள் பொதுக்கூட்டத்தில் கருத்துக்களை பரிமாறிக்கொள்கிறோம்.
நீங்கள் தினமும் உடற்பயிற்சி மையத்திற்கு செல்வது ஒரு நல்ல பழக்கம்., No Error, நீங்கள் தினமும் உடற்பயிற்சி மையத்திற்கு செல்வது ஒரு நல்ல பழக்கம்.
அவன் புத்தகங்களில் புதிர்களை தீர்க்க முயல்கிறான்., No Error, அவன் புத்தகங்களில் புதிர்களை தீர்க்க முயல்கிறான்.
நான் செடியின் அருகே நல்ல புகைப்படங்களை எடுக்கிறேன்., No Error, நான் செடியின் அருகே நல்ல புகைப்படங்களை எடுக்கிறேன்.
நீங்கள் கடலில் நீச்சல் கற்றுக் கொள்கிறீர்கள்., No Error, நீங்கள் கடலில் நீச்சல் கற்றுக் கொள்கிறீர்கள்.
நாங்கள் மகிழ்ச்சியுடன் வெற்றியை கொண்டாடுகிறோம்., No Error, நாங்கள் மகிழ்ச்சியுடன் வெற்றியை கொண்டாடுகிறோம்.
அவள் தினமும் வீட்டில் கதைகள் எழுத்துசெய்கிறாள்., No Error, அவள் தினமும் வீட்டில் கதைகள் எழுத்துசெய்கிறாள்.
நீங்கள் நண்பர்களுடன் இணைந்து நடனம் பயிற்சி செய்கிறீர்கள்., No Error, நீங்கள் நண்பர்களுடன் இணைந்து நடனம் பயிற்சி செய்கிறீர்கள்.
நான் கணினியில் புதிய விளையாட்டுகளை விளையாடுகிறேன்., No Error, நான் கணினியில் புதிய விளையாட்டுகளை விளையாடுகிறேன்.
நாங்கள் பள்ளியில் படித்த பாடங்களை திரும்பப்பார்க்கிறோம்., No Error, நாங்கள் பள்ளியில் படித்த பாடங்களை திரும்பப்பார்க்கிறோம்.
அவன் தெருவில் செல்லும் பேருந்தைப் பிடிக்க முயல்கிறான்., No Error, அவன் தெருவில் செல்லும் பேருந்தைப் பிடிக்க முயல்கிறான்.
அவர்கள் பொதுவிடுதியில் ஆராய்ச்சி நடத்துகிறார்கள்., No Error, அவர்கள் பொதுவிடுதியில் ஆராய்ச்சி நடத்துகிறார்கள்.
நீங்கள் தினமும் ரயில் நிலையத்திற்கு நடந்து செல்கிறீர்கள்., No Error, நீங்கள் தினமும் ரயில் நிலையத்திற்கு நடந்து செல்கிறீர்கள்.
நான் கடற்கரையில் மணலுடன் கோபுரம் கட்டுகிறேன்., No Error, நான் கடற்கரையில் மணலுடன் கோபுரம் கட்டுகிறேன்.
அவள் வீட்டில் குட்டி பூனைகளுக்கு உணவு கொடுக்கிறாள்., No Error, அவள் வீட்டில் குட்டி பூனைகளுக்கு உணவு கொடுக்கிறாள்.
நாங்கள் மாலை நேரத்தில் பூங்காவில் ஓடுகிறோம்., No Error, நாங்கள் மாலை நேரத்தில் பூங்காவில் ஓடுகிறோம்.
அவன் நாள்தோறும் புதிய பாடங்களைத் தவறாமல் பழகுகிறான்., No Error, அவன் நாள்தோறும் புதிய பாடங்களைத் தவறாமல் பழகுகிறான்.
நீங்கள் சந்தையில் புதிய விற்பனை பொருட்களை தேர்வு செய்கிறீர்கள்., No Error, நீங்கள் சந்தையில் புதிய விற்பனை பொருட்களை தேர்வு செய்கிறீர்கள்.
நான் நண்பர்களுடன் மலைகளில் சவாரி செய்கிறேன்., No Error, நான் நண்பர்களுடன் மலைகளில் சவாரி செய்கிறேன்.
நாங்கள் வீடுகளில் ஒழுக்கமான முறையில் வேலை செய்வோம்., No Error, நாங்கள் வீடுகளில் ஒழுக்கமான முறையில் வேலை செய்வோம்.
அவன் தினமும் ஒரு கட்டுரை எழுத முயற்சிக்கிறான்., No Error, அவன் தினமும் ஒரு கட்டுரை எழுத முயற்சிக்கிறான்.
அவர்கள் தியேட்டரில் புதிய திரைப்படத்தைப் பார்க்கிறார்கள்., No Error, அவர்கள் தியேட்டரில் புதிய திரைப்படத்தைப் பார்க்கிறார்கள்.
நான் பாடசாலையில் விஞ்ஞான அனுபவங்களை செய்து பார்த்தேன்., No Error, நான் பாடசாலையில் விஞ்ஞான அனுபவங்களை செய்து பார்த்தேன்.
நீங்கள் கல்லூரியில் புதிய பாடத்திட்டத்தை ஆராய்கிறீர்கள்., No Error, நீங்கள் கல்லூரியில் புதிய பாடத்திட்டத்தை ஆராய்கிறீர்கள்.
அவள் தினமும் மருந்துகளை எடுத்துக் கொள்கிறாள்., No Error, அவள் தினமும் மருந்துகளை எடுத்துக் கொள்கிறாள்.
நாங்கள் புத்தகக் கல்லூரியில் விஷயங்களைத் தேடுகிறோம்., No Error, நாங்கள் புத்தகக் கல்லூரியில் விஷயங்களைத் தேடுகிறோம்.
அவன் நண்பர்களுடன் கால்பந்து விளையாட்டில் பங்கேற்கிறான்., No Error, அவன் நண்பர்களுடன் கால்பந்து விளையாட்டில் பங்கேற்கிறான்.
நீங்கள் வீட்டில் வினோத உணவுகளைச் சமைக்கிறீர்கள்., No Error, நீங்கள் வீட்டில் வினோத உணவுகளைச் சமைக்கிறீர்கள்.
நான் நண்பர்களுடன் ஒற்றுமையாக விளையாடுகிறேன்., No Error, நான் நண்பர்களுடன் ஒற்றுமையாக விளையாடுகிறேன்.
அவள் மகிழ்ச்சியுடன் தாய்க்கு அன்பாக செயல்படுகிறாள்., No Error, அவள் மகிழ்ச்சியுடன் தாய்க்கு அன்பாக செயல்படுகிறாள்.
அவர்கள் சமூக சேவையில் தன்னார்வமாக பணியாற்றுகிறார்கள்., No Error, அவர்கள் சமூக சேவையில் தன்னார்வமாக பணியாற்றுகிறார்கள்.
நாங்கள் மழை காலத்தில் பூங்காவில் விளையாடுகிறோம்., No Error, நாங்கள் மழை காலத்தில் பூங்காவில் விளையாடுகிறோம்.
அவள் பூங்காவில் நடக்கிறாள்., No Error, அவள் பூங்காவில் நடக்கிறாள்.
நான் வீட்டில் புத்தகங்களை வாசிக்கிறேன்., No Error, நான் வீட்டில் புத்தகங்களை வாசிக்கிறேன்.
நீங்கள் வீட்டில் கோட்பாடு எழுதுகிறீர்கள்., No Error, நீங்கள் வீட்டில் கோட்பாடு எழுதுகிறீர்கள்.
அவன் தினமும் ஓய்வு நேரத்தில் வாசிக்கிறான்., No Error, அவன் தினமும் ஓய்வு நேரத்தில் வாசிக்கிறான்.
நாங்கள் மழையிலும் விளையாடுகிறோம்., No Error, நாங்கள் மழையிலும் விளையாடுகிறோம்.
நீங்கள் கலைக்களஞ்சியத்தை பார்வையிடுகிறீர்கள்., No Error, நீங்கள் கலைக்களஞ்சியத்தை பார்வையிடுகிறீர்கள்.
அவள் நாயுடன் விளையாடுகிறாள்., No Error, அவள் நாயுடன் விளையாடுகிறாள்.
நாங்கள் மாலை நேரத்தில் தோட்டத்தில் வேலை செய்கிறோம்., No Error, நாங்கள் மாலை நேரத்தில் தோட்டத்தில் வேலை செய்கிறோம்.
அவர்கள் சுற்றுப்பயணத்தில் புகைப்படம் எடுக்கிறார்கள்., No Error, அவர்கள் சுற்றுப்பயணத்தில் புகைப்படம் எடுக்கிறார்கள்.
நான் பள்ளியில் பரிசு வென்றேன்., No Error, நான் பள்ளியில் பரிசு வென்றேன்.
நீங்கள் கடற்கரையில் ஓடுகிறீர்கள்., No Error, நீங்கள் கடற்கரையில் ஓடுகிறீர்கள்.
அவன் காற்றில் பட்டம் பறக்க விடுகிறான்., No Error, அவன் காற்றில் பட்டம் பறக்க விடுகிறான்.
நாங்கள் மாறுவேடமிட்டு விழாவைக் கொண்டாடுகிறோம்., No Error, நாங்கள் மாறுவேடமிட்டு விழாவைக் கொண்டாடுகிறோம்.
அவர்கள் ஒவ்வொரு வாரமும் கோவில் செல்லுகிறார்கள்., No Error, அவர்கள் ஒவ்வொரு வாரமும் கோவில் செல்லுகிறார்கள்.
நான் பசுமை தரையில் படுத்து ஓய்வு எடுக்கிறேன்., No Error, நான் பசுமை தரையில் படுத்து ஓய்வு எடுக்கிறேன்.
அவள் தோட்டத்தில் காய்கறிகளை வளர்க்கிறாள்., No Error, அவள் தோட்டத்தில் காய்கறிகளை வளர்க்கிறாள்.
நீங்கள் புத்தகக் கண்காட்சியில் புதிய புத்தகங்களை தேடுகிறீர்கள்., No Error, நீங்கள் புத்தகக் கண்காட்சியில் புதிய புத்தகங்களை தேடுகிறீர்கள்.
நாங்கள் நண்பர்களுடன் சினிமா பார்க்கிறோம்., No Error, நாங்கள் நண்பர்களுடன் சினிமா பார்க்கிறோம்.
அவர்கள் பொதுக் பூங்காவில் விவாதம் நடத்துகிறார்கள்., No Error, அவர்கள் பொதுக் பூங்காவில் விவாதம் நடத்துகிறார்கள்.
நான் தினமும் மாலை நேரத்தில் ஓடுகிறேன்., No Error, நான் தினமும் மாலை நேரத்தில் ஓடுகிறேன்.
அவள் பள்ளியில் கலைப்போட்டியில் கலந்து கொள்கிறாள்., No Error, அவள் பள்ளியில் கலைப்போட்டியில் கலந்து கொள்கிறாள்.
நீங்கள் வீடு பராமரிப்பில் ஆர்வம் காட்டுகிறீர்கள்., No Error, நீங்கள் வீடு பராமரிப்பில் ஆர்வம் காட்டுகிறீர்கள்.
நாங்கள் புத்தகங்களை அடுக்கி வைக்கிறோம்., No Error, நாங்கள் புத்தகங்களை அடுக்கி வைக்கிறோம்.
அவன் தினமும் சுட்ட சிக்கன் உண்கிறான்., No Error, அவன் தினமும் சுட்ட சிக்கன் உண்கிறான்.
நான் மழை காலத்தில் கோடி விளையாடுகிறேன்., No Error, நான் மழை காலத்தில் கோடி விளையாடுகிறேன்.
நீங்கள் தலையில் புன்னகையுடன் இருக்கிறீர்கள்., No Error, நீங்கள் தலையில் புன்னகையுடன் இருக்கிறீர்கள்.
அவள் தேநீர் பருகி புத்தகத்தை வாசிக்கிறாள்., No Error, அவள் தேநீர் பருகி புத்தகத்தை வாசிக்கிறாள்.
அவர்கள் சங்கில் புதிய உறுப்பினர்களை சேர்க்கிறார்கள்., No Error, அவர்கள் சங்கில் புதிய உறுப்பினர்களை சேர்க்கிறார்கள்.
நாங்கள் பள்ளியில் விளையாட்டு போட்டிகளில் பங்கேற்கிறோம்., No Error, நாங்கள் பள்ளியில் விளையாட்டு போட்டிகளில் பங்கேற்கிறோம்.
நீங்கள் குப்பைகளை தூய்மைப்படுத்துகிறீர்கள்., No Error, நீங்கள் குப்பைகளை தூய்மைப்படுத்துகிறீர்கள்.
அவன் ஆராய்ச்சி கட்டுரையை எழுத ஆரம்பித்தான்., No Error, அவன் ஆராய்ச்சி கட்டுரையை எழுத ஆரம்பித்தான்.
நான் நண்பர்களுடன் பளுவில் பயிற்சி செய்கிறேன்., No Error, நான் நண்பர்களுடன் பளுவில் பயிற்சி செய்கிறேன்.
அவர்கள் பள்ளி நிகழ்ச்சியை அழகாக சமைக்கிறார்கள்., No Error, அவர்கள் பள்ளி நிகழ்ச்சியை அழகாக சமைக்கிறார்கள்.
நீங்கள் வீட்டில் கலாசார விழாவை நடத்துகிறீர்கள்., No Error, நீங்கள் வீட்டில் கலாசார விழாவை நடத்துகிறீர்கள்.
நாங்கள் புதிய கணினி மென்பொருளை நிறுவுகிறோம்., No Error, நாங்கள் புதிய கணினி மென்பொருளை நிறுவுகிறோம்.
அவள் பாசத்துடன் குழந்தைகளை பராமரிக்கிறாள்., No Error, அவள் பாசத்துடன் குழந்தைகளை பராமரிக்கிறாள்.
நான் மாலை நேரத்தில் தோட்டத்தை நீர்ப்பாய்ச்சி செய்கிறேன்., No Error, நான் மாலை நேரத்தில் தோட்டத்தை நீர்ப்பாய்ச்சி செய்கிறேன்.
நீங்கள் தினமும் புத்தகங்களை அடுக்கிச் சுத்தப்படுத்துகிறீர்கள்., No Error, நீங்கள் தினமும் புத்தகங்களை அடுக்கிச் சுத்தப்படுத்துகிறீர்கள்.
நாங்கள் புதிய கலைப்பாடல்களை பாட பழகுகிறோம்., No Error, நாங்கள் புதிய கலைப்பாடல்களை பாட பழகுகிறோம்.
அவன் மழைக்காலத்தில் விளையாட்டில் ஆர்வம் காட்டுகிறான்., No Error, அவன் மழைக்காலத்தில் விளையாட்டில் ஆர்வம் காட்டுகிறான்.
நான் தோட்டத்தில் பூக்களை சீரமைக்கிறேன்., No Error, நான் தோட்டத்தில் பூக்களை சீரமைக்கிறேன்.
நீங்கள் கருவூலத்தை பாதுகாக்க சிக்கலான முறைகளை கற்றுக்கொள்கிறீர்கள்., No Error, நீங்கள் கருவூலத்தை பாதுகாக்க சிக்கலான முறைகளை கற்றுக்கொள்கிறீர்கள்.
நாங்கள் மாலை நேரத்தில் பந்தை எறிந்து விளையாடுகிறோம்., No Error, நாங்கள் மாலை நேரத்தில் பந்தை எறிந்து விளையாடுகிறோம்.
அவர்கள் பள்ளியில் கலை நிகழ்ச்சியை நடத்துகிறார்கள்., No Error, அவர்கள் பள்ளியில் கலை நிகழ்ச்சியை நடத்துகிறார்கள்.
நான் தினமும் ஆறுதல் தரும் மழையைக் காண விரும்புகிறேன்., No Error, நான் தினமும் ஆறுதல் தரும் மழையைக் காண விரும்புகிறேன்.
அவன் காற்றில் பட்டம் பறக்க விடுகிறான்., No Error, அவன் காற்றில் பட்டம் பறக்க விடுகிறான்.
நீங்கள் சிறு குழந்தைகளுடன் பொழுதுபோக்குகிறீர்கள்., No Error, நீங்கள் சிறு குழந்தைகளுடன் பொழுதுபோக்குகிறீர்கள்.
நாங்கள் ஆரோக்கியமான பழங்களை சாப்பிடுகிறோம்., No Error, நாங்கள் ஆரோக்கியமான பழங்களை சாப்பிடுகிறோம்.
அவர்கள் காற்றில் மேகங்களை ரசிக்கிறார்கள்., No Error, அவர்கள் காற்றில் மேகங்களை ரசிக்கிறார்கள்.
நான் புதிய பாடங்களை கற்றுக்கொள்வதில் ஆர்வம் காட்டுகிறேன்., No Error, நான் புதிய பாடங்களை கற்றுக்கொள்வதில் ஆர்வம் காட்டுகிறேன்.
அவன் சாலை மேல் நடக்கிறான்., No Error, அவன் சாலை மேல் நடக்கிறான்.
அவள் தினமும் பூங்காவிற்கு சென்று ஓடுகிறாள்., No Error, அவள் தினமும் பூங்காவிற்கு சென்று ஓடுகிறாள்.
நீங்கள் பள்ளியில் ஆசிரியரை கேட்டு கற்கிறீர்கள்., No Error, நீங்கள் பள்ளியில் ஆசிரியரை கேட்டு கற்கிறீர்கள்.
நாங்கள் காற்றாடி பறக்க விடுகிறோம்., No Error, நாங்கள் காற்றாடி பறக்க விடுகிறோம்.
நான் தினமும் காலையில் யோகா செய்கிறேன்., No Error, நான் தினமும் காலையில் யோகா செய்கிறேன்.
அவர்கள் புத்தகத்தில் கவனமாக வாசிக்கிறார்கள்., No Error, அவர்கள் புத்தகத்தில் கவனமாக வாசிக்கிறார்கள்.
அவள் நாயுடன் விளையாடி மகிழ்கிறாள்., No Error, அவள் நாயுடன் விளையாடி மகிழ்கிறாள்.
நீங்கள் உங்கள் வீட்டில் வேலை செய்கிறீர்கள்., No Error, நீங்கள் உங்கள் வீட்டில் வேலை செய்கிறீர்கள்.
நாங்கள் மழையில் பாடல் பாடுகிறோம்., No Error, நாங்கள் மழையில் பாடல் பாடுகிறோம்.
அவன் பள்ளி வேலைகளை முடிக்கிறான்., No Error, அவன் பள்ளி வேலைகளை முடிக்கிறான்.
நீங்கள் புத்தகங்களின் கதையை விவரிக்கிறீர்கள்., No Error, நீங்கள் புத்தகங்களின் கதையை விவரிக்கிறீர்கள்.
நான் மழைநீரில் குளிக்க விரும்புகிறேன்., No Error, நான் மழைநீரில் குளிக்க விரும்புகிறேன்.
அவர்கள் தோட்டத்தில் செடி வளர்க்கிறார்கள்., No Error, அவர்கள் தோட்டத்தில் செடி வளர்க்கிறார்கள்.
நாங்கள் தினமும் பசுமைபார்க்க செல்லுகிறோம்., No Error, நாங்கள் தினமும் பசுமைபார்க்க செல்லுகிறோம்.
அவன் வீட்டில் சமைக்கிறான்., No Error, அவன் வீட்டில் சமைக்கிறான்.
நீங்கள் பூங்காவில் துலா பயிற்சி செய்கிறீர்கள்., No Error, நீங்கள் பூங்காவில் துலா பயிற்சி செய்கிறீர்கள்.
நாங்கள் சூரிய ஒளியில் நடக்கிறோம்., No Error, நாங்கள் சூரிய ஒளியில் நடக்கிறோம்.
அவள் பாடசாலையில் புதிய பாடங்களை கற்கிறாள்., No Error, அவள் பாடசாலையில் புதிய பாடங்களை கற்கிறாள்.
நான் தோட்டத்தில் வேலை செய்ய விரும்புகிறேன்., No Error, நான் தோட்டத்தில் வேலை செய்ய விரும்புகிறேன்.
அவர்கள் வழிபாட்டிற்கு கோவிலில் சேர்ந்துள்ளனர்., No Error, அவர்கள் வழிபாட்டிற்கு கோவிலில் சேர்ந்துள்ளனர்.
நீங்கள் புத்தகத்தை திறந்து வாசிக்கிறீர்கள்., No Error, நீங்கள் புத்தகத்தை திறந்து வாசிக்கிறீர்கள்.
நாங்கள் காற்றில் மனதை திறந்து ரசிக்கிறோம்., No Error, நாங்கள் காற்றில் மனதை திறந்து ரசிக்கிறோம்.
அவன் நட்பு குழுவுடன் விளையாடுகிறான்., No Error, அவன் நட்பு குழுவுடன் விளையாடுகிறான்.
நான் பள்ளியில் பேச்சுப் போட்டியில் கலந்து கொள்கிறேன்., No Error, நான் பள்ளியில் பேச்சுப் போட்டியில் கலந்து கொள்கிறேன்.
அவள் கதை எழுத துவங்குகிறாள்., No Error, அவள் கதை எழுத துவங்குகிறாள்.
நீங்கள் தினமும் பழங்களை சாப்பிடுகிறீர்கள்., No Error, நீங்கள் தினமும் பழங்களை சாப்பிடுகிறீர்கள்.
நாங்கள் மாலை நேரத்தில் அழகான நிலவை ரசிக்கிறோம்., No Error, நாங்கள் மாலை நேரத்தில் அழகான நிலவை ரசிக்கிறோம்.
அவர்கள் தரையில் விளையாடி மகிழ்கிறார்கள்., No Error, அவர்கள் தரையில் விளையாடி மகிழ்கிறார்கள்.
அவன் பழங்களை தோட்டத்தில் சேகரிக்கிறான்., No Error, அவன் பழங்களை தோட்டத்தில் சேகரிக்கிறான்.
நான் வீட்டில் புத்தகங்களை சுத்தம் செய்கிறேன்., No Error, நான் வீட்டில் புத்தகங்களை சுத்தம் செய்கிறேன்.
நீங்கள் பள்ளியில் பாடங்களை நினைவுபடுத்துகிறீர்கள்., No Error, நீங்கள் பள்ளியில் பாடங்களை நினைவுபடுத்துகிறீர்கள்.
நாங்கள் கோடைகாலத்தில் நீச்சல்குளத்தில் விளையாடுகிறோம்., No Error, நாங்கள் கோடைகாலத்தில் நீச்சல்குளத்தில் விளையாடுகிறோம்.
அவர்கள் பசுமை மேடையில் பாடலை ஆரவாரமாக பாடுகிறார்கள்., No Error, அவர்கள் பசுமை மேடையில் பாடலை ஆரவாரமாக பாடுகிறார்கள்.
அவன் கண்ணாடி வைத்து புத்தகம் வாசிக்கிறான்., No Error, அவன் கண்ணாடி வைத்து புத்தகம் வாசிக்கிறான்.
நீங்கள் மழைக்காலத்தில் பாடத்தை கற்கிறீர்கள்., No Error, நீங்கள் மழைக்காலத்தில் பாடத்தை கற்கிறீர்கள்.
நான் மாம்பழத்துடன் ஜூஸை கலக்குகிறேன்., No Error, நான் மாம்பழத்துடன் ஜூஸை கலக்குகிறேன்.
அவர்கள் கோவிலில் செந்தாமரை மலர்களை தருகிறார்கள்., No Error, அவர்கள் கோவிலில் செந்தாமரை மலர்களை தருகிறார்கள்.
நாங்கள் வீட்டில் விளையாட்டு மைதானத்தை அமைக்கிறோம்., No Error, நாங்கள் வீட்டில் விளையாட்டு மைதானத்தை அமைக்கிறோம்.
அவன் மாலை நேரத்தில் அரிசியை வேக செய்கிறான்., No Error, அவன் மாலை நேரத்தில் அரிசியை வேக செய்கிறான்.
நீங்கள் கடற்கரையில் மணலை உருவாக்குகிறீர்கள்., No Error, நீங்கள் கடற்கரையில் மணலை உருவாக்குகிறீர்கள்.
நாங்கள் மாலை நேரத்தில் ஓடினோம்., No Error, நாங்கள் மாலை நேரத்தில் ஓடினோம்.
அவர்கள் காற்றில் பட்டங்கள் பறக்க விடுகிறார்கள்., No Error, அவர்கள் காற்றில் பட்டங்கள் பறக்க விடுகிறார்கள்.
அவள் குழந்தைகளை சுத்தமாக பராமரிக்கிறாள்., No Error, அவள் குழந்தைகளை சுத்தமாக பராமரிக்கிறாள்.
நான் பறவைகளை பார்வையிட அழைக்கிறேன்., No Error, நான் பறவைகளை பார்வையிட அழைக்கிறேன்.
நீங்கள் பல்லாண்டு பழக்கத்தில் ஆரோக்கியம் காக்கிறீர்கள்., No Error, நீங்கள் பல்லாண்டு பழக்கத்தில் ஆரோக்கியம் காக்கிறீர்கள்.
நாங்கள் புதிய பாடங்களை பாடி மகிழ்கிறோம்., No Error, நாங்கள் புதிய பாடங்களை பாடி மகிழ்கிறோம்.
அவர்கள் பள்ளியில் போட்டிகளில் பங்கேற்கிறார்கள்., No Error, அவர்கள் பள்ளியில் போட்டிகளில் பங்கேற்கிறார்கள்.
நான் பூங்காவில் யோகா பயிற்சி செய்கிறேன்., No Error, நான் பூங்காவில் யோகா பயிற்சி செய்கிறேன்.
அவன் தினமும் பள்ளியில் கற்கிறார்., No Error, அவன் தினமும் பள்ளியில் கற்கிறார்.
நீங்கள் மழைநீரில் நனைய விரும்புகிறீர்கள்., No Error, நீங்கள் மழைநீரில் நனைய விரும்புகிறீர்கள்.
நாங்கள் விளையாட்டை ஆடி மகிழ்கிறோம்., No Error, நாங்கள் விளையாட்டை ஆடி மகிழ்கிறோம்.
அவள் வீட்டில் உணவு சமைக்கிறாள்., No Error, அவள் வீட்டில் உணவு சமைக்கிறாள்.
நீங்கள் பள்ளியில் ஆசிரியரை கேட்டு பாடத்தை கற்கிறீர்கள்., No Error, நீங்கள் பள்ளியில் ஆசிரியரை கேட்டு பாடத்தை கற்கிறீர்கள்.
நான் மழைக்காலத்தில் புத்தகம் வாசிக்க விரும்புகிறேன்., No Error, நான் மழைக்காலத்தில் புத்தகம் வாசிக்க விரும்புகிறேன்.
அவர்கள் தோட்டத்தில் வேலை செய்து மகிழ்கிறார்கள்., No Error, அவர்கள் தோட்டத்தில் வேலை செய்து மகிழ்கிறார்கள்.
நாங்கள் தினமும் நண்பர்களுடன் சந்திக்கிறோம்., No Error, நாங்கள் தினமும் நண்பர்களுடன் சந்திக்கிறோம்.
அவன் வீட்டில் விளையாட்டு கற்றுக்கொள்கிறான்., No Error, அவன் வீட்டில் விளையாட்டு கற்றுக்கொள்கிறான்.
நீங்கள் புத்தகங்களை வரிசைப்படுத்துகிறீர்கள்., No Error, நீங்கள் புத்தகங்களை வரிசைப்படுத்துகிறீர்கள்.
நாங்கள் மாலை நேரத்தில் மழையை ரசிக்கிறோம்., No Error, நாங்கள் மாலை நேரத்தில் மழையை ரசிக்கிறோம்.
அவர்கள் நிலத்தில் வேலை செய்கிறார்கள்., No Error, அவர்கள் நிலத்தில் வேலை செய்கிறார்கள்.
நான் பள்ளியில் புதிய பாடங்களை கற்றுக்கொள்கிறேன்., No Error, நான் பள்ளியில் புதிய பாடங்களை கற்றுக்கொள்கிறேன்.
அவள் வீட்டில் சுத்தம் செய்கிறாள்., No Error, அவள் வீட்டில் சுத்தம் செய்கிறாள்.
நீங்கள் சாலை மேலே நடக்கிறீர்கள்., No Error, நீங்கள் சாலை மேலே நடக்கிறீர்கள்.
நாங்கள் தோட்டத்தில் காய்கறிகளை வளர்க்கிறோம்., No Error, நாங்கள் தோட்டத்தில் காய்கறிகளை வளர்க்கிறோம்.
அவர்கள் கோவிலில் விளக்கு ஏற்றுகிறார்கள்., No Error, அவர்கள் கோவிலில் விளக்கு ஏற்றுகிறார்கள்.
அவன் பள்ளியில் புத்தகங்களை வாசிக்கிறான்., No Error, அவன் பள்ளியில் புத்தகங்களை வாசிக்கிறான்.
நான் மழையில் பாடல் பாடுகிறேன்., No Error, நான் மழையில் பாடல் பாடுகிறேன்.
நீங்கள் புத்தக கண்காட்சியில் புதிய புத்தகங்களை தேடுகிறீர்கள்., No Error, நீங்கள் புத்தக கண்காட்சியில் புதிய புத்தகங்களை தேடுகிறீர்கள்.
நாங்கள் நண்பர்களுடன் சினிமா பார்க்கிறோம்., No Error, நாங்கள் நண்பர்களுடன் சினிமா பார்க்கிறோம்.
அவர்கள் பூங்காவில் புகைப்படம் எடுக்கிறார்கள்., No Error, அவர்கள் பூங்காவில் புகைப்படம் எடுக்கிறார்கள்.
அவன் வீடு பராமரிப்பில் ஆர்வம் காட்டுகிறான்., No Error, அவன் வீடு பராமரிப்பில் ஆர்வம் காட்டுகிறான்.
நீங்கள் பள்ளியில் புதிய பாடங்களை நினைவுபடுத்துகிறீர்கள்., No Error, நீங்கள் பள்ளியில் புதிய பாடங்களை நினைவுபடுத்துகிறீர்கள்.
நாங்கள் பள்ளி மைதானத்தில் விளையாடுகிறோம்., No Error, நாங்கள் பள்ளி மைதானத்தில் விளையாடுகிறோம்.
அவர்கள் மழைக்காலத்தில் செடியை வளர்க்கிறார்கள்., No Error, அவர்கள் மழைக்காலத்தில் செடியை வளர்க்கிறார்கள்.
நான் மாலை நேரத்தில் தோட்டத்தில் காய்கறிகளை சுத்தம் செய்கிறேன்., No Error, நான் மாலை நேரத்தில் தோட்டத்தில் காய்கறிகளை சுத்தம் செய்கிறேன்.
அவள் தாயாருடன் வீட்டில் சமைக்கிறது., No Error, அவள் தாயாருடன் வீட்டில் சமைக்கிறது.
நீங்கள் கலை நிகழ்ச்சியில் பங்கேற்கிறீர்கள்., No Error, நீங்கள் கலை நிகழ்ச்சியில் பங்கேற்கிறீர்கள்.
நாங்கள் புத்தகங்களை அடுக்கி வைத்தோம்., No Error, நாங்கள் புத்தகங்களை அடுக்கி வைத்தோம்.
அவர்கள் கோவிலில் மாலை நேரத்தில் வழிபாடு செய்கிறார்கள்., No Error, அவர்கள் கோவிலில் மாலை நேரத்தில் வழிபாடு செய்கிறார்கள்.
அவன் பள்ளியில் புதிய பாடங்களை கற்றுக்கொள்கிறான்., No Error, அவன் பள்ளியில் புதிய பாடங்களை கற்றுக்கொள்கிறான்.
நீங்கள் மாலை நேரத்தில் யோகா பயிற்சி செய்கிறீர்கள்., No Error, நீங்கள் மாலை நேரத்தில் யோகா பயிற்சி செய்கிறீர்கள்.
நாங்கள் கோடைகாலத்தில் நீச்சல்குளத்தில் விளையாடுகிறோம்., No Error, நாங்கள் கோடைகாலத்தில் நீச்சல்குளத்தில் விளையாடுகிறோம்.
அவர்கள் மழைக்காலத்தில் காற்றில் பட்டங்கள் பறக்க விடுகிறார்கள்., No Error, அவர்கள் மழைக்காலத்தில் காற்றில் பட்டங்கள் பறக்க விடுகிறார்கள்.
அவள் பள்ளியில் பரிசு வென்றாள்., No Error, அவள் பள்ளியில் பரிசு வென்றாள்.
நான் புதிய பாடங்களை கற்றுக்கொள்வதில் ஆர்வம் காட்டுகிறேன்., No Error, நான் புதிய பாடங்களை கற்றுக்கொள்வதில் ஆர்வம் காட்டுகிறேன்.
நீங்கள் குழந்தைகளுடன் பொழுதுபோக்குகிறீர்கள்., No Error, நீங்கள் குழந்தைகளுடன் பொழுதுபோக்குகிறீர்கள்.
நாங்கள் மாலை நேரத்தில் அழகான நிலவை ரசிக்கிறோம்., No Error, நாங்கள் மாலை நேரத்தில் அழகான நிலவை ரசிக்கிறோம்.
அவர்கள் பள்ளி மைதானத்தில் விளையாடுகிறார்கள்., No Error, அவர்கள் பள்ளி மைதானத்தில் விளையாடுகிறார்கள்.
அவன் மழைநீரில் குளிக்க விரும்புகிறான்., No Error, அவன் மழைநீரில் குளிக்க விரும்புகிறான்.
நான் மாலை நேரத்தில் பாடல்களை எழுதுகிறேன்., No Error, நான் மாலை நேரத்தில் பாடல்களை எழுதுகிறேன்.
நீங்கள் வீட்டில் கலைப்போட்டியில் பங்கேற்கிறீர்கள்., No Error, நீங்கள் வீட்டில் கலைப்போட்டியில் பங்கேற்கிறீர்கள்.
நாங்கள் புதிய தொழில்நுட்பங்களை கற்றுக்கொள்கிறோம்., No Error, நாங்கள் புதிய தொழில்நுட்பங்களை கற்றுக்கொள்கிறோம்.
அவர்கள் பாடசாலையில் நண்பர்களுடன் விளையாடுகிறார்கள்., No Error, அவர்கள் பாடசாலையில் நண்பர்களுடன் விளையாடுகிறார்கள்.
அவள் மழைக்காலத்தில் மாம்பழம் சாப்பிட விரும்புகிறாள்., No Error, அவள் மழைக்காலத்தில் மாம்பழம் சாப்பிட விரும்புகிறாள்.
நான் பள்ளியில் புதிய கதைகளை எழுதுகிறேன்., No Error, நான் பள்ளியில் புதிய கதைகளை எழுதுகிறேன்.
நீங்கள் தினமும் புத்தகங்களை வாசிக்க விரும்புகிறீர்கள்., No Error, நீங்கள் தினமும் புத்தகங்களை வாசிக்க விரும்புகிறீர்கள்.
நாங்கள் தோட்டத்தில் பூக்களை நன்கு வளர்க்கிறோம்., No Error, நாங்கள் தோட்டத்தில் பூக்களை நன்கு வளர்க்கிறோம்.
அவர்கள் கோவிலில் பூஜை செய்கிறார்கள்., No Error, அவர்கள் கோவிலில் பூஜை செய்கிறார்கள்.
அவன் மழைக்காலத்தில் காய்களை சேகரிக்கிறான்., No Error, அவன் மழைக்காலத்தில் காய்களை சேகரிக்கிறான்.
நான் பள்ளியில் கலைப்போட்டியில் பங்கேற்கிறேன்., No Error, நான் பள்ளியில் கலைப்போட்டியில் பங்கேற்கிறேன்.